,Year,Origin State,Material Group Description,Material Description,Purchased Quantity LB,Purchased Value $
0,2011,AK,"FISH, CANNED",SALMON PINK CAN-24/14.75 OZ,1912042.5,4393252.2
1,2011,AK,"FISH, CANNED",SALMON PINK CAN-24/14.75 OZ,3371850.0,6189008.0
2,2011,AK,"FISH, FROZEN",FISH AK PLCK FRZ BULK CTN-49 LBS,1759296.0,2726908.8
3,2011,AL,"CHICKEN, FROZEN",CHICKEN CUT-UP FRZ CTN-40 LB,320000.0,239952.0
4,2011,AL,"CHICKEN, BULK",CHICKEN SMALL CHILLED -BULK,1440000.0,1047960.0
5,2011,AL,"CHICKEN, BULK",CHICKEN LARGE CHILLED -BULK,28908000.0,20563408.0
6,2011,AL,"CHICKEN, COOKED",CHICKEN FAJITA STRIPS CTN-30 LB,5031000.0,9549391.0
7,2011,AL,"CHICKEN, BULK",CHICKEN LARGE CHILLED -BULK,18649800.0,13798608.45
8,2011,AR,"RICE, GRAIN",RICE BRN L PRBL,1302000.0,810948.6
9,2011,AR,"RICE, GRAIN",RICE BRN US#1 LONG PARBOILED BAG-25 LB ,420000.0,267615.6
10,2011,AR,"RICE, GRAIN",RICE BRN US#1 LONG PARBOILED PKG-24/2 LB ,1470000.0,959736.94
11,2011,AR,"RICE, GRAIN",RICE BRN US#1 LONG PARBOILED PKG-30/2 LB ,504000.0,338658.6
12,2011,AR,"RICE, GRAIN","RICE, PARBOILED",672000.0,291009.61
13,2011,AR,"RICE, GRAIN",RICE US#1 LONG GRAIN PARBOILED BAG-25 LB ,840000.0,295453.21
14,2011,AR,"RICE, GRAIN",RICE US#1 LONG GRAIN PARBOILED BAG-50 LB ,42000.0,13981.8
15,2011,AR,"RICE, GRAIN",RICE-MLD US#2 L,7392000.0,2933049.0
16,2011,AR,"RICE, GRAIN",RICE US#2 LONG GRAIN BAG-25 LB ,588000.0,168254.51
17,2011,AR,"RICE, GRAIN",RICE US#2 LONG GRAIN PKG-24/2 LB ,4116000.0,1420641.6
18,2011,AR,"RICE, GRAIN",RICE US#2 LONG GRAIN PKG-30/2 LB ,2688000.0,929271.01
19,2011,AR,"RICE, GRAIN",RICE-MLD US#2 M,1386000.0,690039.0
20,2011,AR,"RICE, GRAIN",RICE US#2 MEDIUM GRAIN PKG-24/2 LB ,420000.0,173485.2
21,2011,AR,"RICE, GRAIN",RICE US#2 MEDIUM GRAIN PKG-30/2 LB ,210000.0,92194.2
22,2011,AR,"VEGETABLE, CANNED",CARROTS CAN-24/300,6670350.0,4350850.2
23,2011,AR,"VEGETABLE, CANNED",SWEET POTATOES MASHED CAN-6/10,224352.0,149248.8
24,2011,AR,"VEGETABLE, CANNED",SPINACH CAN-24/300,949620.0,570288.8
25,2011,AR,"VEGETABLE, CANNED",BEANS REFRIED CAN-6/10,181440.0,75254.0
26,2011,AR,"VEGETABLE, CANNED",BEANS VEGETARIAN CAN-6/10,594864.0,186693.0
27,2011,AR,"VEGETABLE, CANNED",BEANS PINTO CAN-6/10,454896.0,139163.0
28,2011,AR,"VEGETABLE, CANNED",BEANS BLACKEYE CAN-6/10,503699.0,149062.0
29,2011,AR,"TURKEY, COOKED",TURKEY BREAST DELI FRZ CTN-40 LB,1212000.0,3456704.8
30,2011,AR,"TURKEY, COOKED",TURKEY BREAST DELI FRZ CTN-40 LB,2280000.0,5562573.0
31,2011,AR,"TURKEY, COOKED",TURKEY BREAST SMKD DELI FRZ CTN-40 LB,282800.0,791496.6
32,2011,AR,"TURKEY, FROZEN",TURKEY ROASTS FRZ CTN-32-48 LB,80000.0,169200.0
33,2011,AR,"CHICKEN, COOKED",CHICKEN FAJITA STRIPS CTN-30 LB,897000.0,2002244.41
34,2011,AR,"CHICKEN, BULK",CHICKEN SMALL CHILLED -BULK,6408000.0,4599518.4
35,2011,AR,"CHICKEN, BULK",CHICKEN SMALL CHILLED -BULK,4932000.0,3643128.0
36,2011,AR,"CHICKEN, BULK",CHICKEN LEGS CHILLED -BULK,72000.0,41400.0
37,2011,AR,"CHICKEN, BULK",CHICKEN THIGHS CHILLED-BULK,432000.0,194400.0
38,2011,AR,"CHICKEN, FROZEN",CHICKEN CUT-UP FRZ CTN-40 LB,240000.0,192068.0
39,2011,AR,"CHICKEN, FROZEN",CHICKEN WHOLE BAGGED FRZ CTN-36-43 LB,752400.0,588764.0
40,2011,AR,"CHICKEN, FROZEN",CHICKEN CUT-UP FRZ CTN-40 LB,760000.0,576744.0
41,2011,AR,"CHICKEN, FROZEN",CHICKEN CUT-UP FRZ CTN-40 LB,800000.0,636163.99
42,2011,AR,"CHICKEN, FROZEN",CHICKEN CUT-UP FRZ BAGS 10/3.0-5.5 LB,157500.0,154591.0
43,2011,AR,"CHICKEN, COOKED",CHICKEN DICED CTN-40 LB,1040000.0,2466568.0
44,2011,AR,"CHICKEN, COOKED",CHICKEN DICED CTN-40 LB,880000.0,2152752.0
45,2011,AR,"CHICKEN, COOKED",CHICKEN FAJITA STRIPS CTN-30 LB,2964000.0,5803790.0
46,2011,AR,"CHICKEN, COOKED",CHICKEN OVEN ROASTED FRZ 8 PC CTN-30 LB,468000.0,1115233.2
47,2011,AR,"VEGETABLE, CANNED",HOMINY CAN-24/300,395505.0,189888.0
48,2011,AR,"VEGETABLE, CANNED",BEANS GREEN CAN-6/10,1316928.0,518695.0
49,2011,AR,"VEGETABLE, CANNED",CARROTS CAN-6/10,1697513.0,612706.0
50,2011,AR,"VEGETABLE, CANNED",SWEET POTATOES W/ SYRUP CAN-6/10,258552.0,116536.0
51,2011,AR,"VEGETABLE, CANNED",SWEET POTATOES W/ SYRUP CAN-24/300,895050.0,512047.0
52,2011,AS ,"FISH, CANNED",TUNA CHUNK LIGHT CAN-24/12 OZ,1587600.0,3460808.0
53,2011,AZ,"PASTA, OTHER",PSTA PROD-EGNDL,368640.0,280509.5
54,2011,AZ,"PASTA, OTHER",EGGNOODLE 1/2 INCH WIDE PKG-12/1 LB ,161280.0,130890.24
55,2011,AZ,"PASTA, MACARONI",PASTA-MAC PLN E,244800.0,125745.6
56,2011,AZ,"PASTA, MACARONI",PASTA MACARONI PLAIN ELBOW CTN-20 LB ,40000.0,21080.0
57,2011,AZ,"PASTA, MACARONI",PASTA MACARONI PLAIN ELBOW PKG-24/1 LB ,244800.0,144472.8
58,2011,AZ,"PASTA, MACARONI",PASTA ROTINI MACARONI CTN-20 LB ,56000.0,30408.0
59,2011,AZ,"PASTA, OTHER",PASTA SPAGHETTI CTN-20 LB ,40000.0,21440.0
60,2011,AZ,"PASTA, OTHER",PASTA SPAGHETTI PKG-12/2 LB ,367200.0,218198.4
61,2011,AZ,"PASTA, MACARONI",WHOLE GRAIN PASTA MACARONI CTN-20 LB ,80000.0,43520.0
62,2011,AZ,"PASTA, MACARONI",WHLGRAIN ROTNMA,340000.0,206414.0
63,2011,AZ,"PASTA, MACARONI",WHOLE GRAIN PASTA ROTINI MAC CTN-20 LB ,168000.0,95872.0
64,2011,AZ,"PASTA, MACARONI",WHOLE GRAIN PASTA ROTINI MAC PKG-20/1 LB ,170000.0,107508.0
65,2011,AZ,SHELL EGG,EGGS 15 DOZEN,33750.0,22050.0
66,2011,AZ,SHELL EGG,EGGS 15 DOZEN,236250.0,183262.5
67,2011,AZ,"VEGETABLE, FRESH",CARROTS FRESH BABY CUTS BAG-100/2 OZ,501467.0,343941.0
68,2011,AZ,FRUIT JUICE FRZ,ORANGE JUICE SINGLE CTN-70/4 OZ,802560.0,381717.0
69,2011,AZ,FRUIT JUICE FRZ,K ORANGE JUICE CONC FRZ CAN-12/32 OZ,72000.0,64368.0
70,2011,CA,"CEREAL, FORTIFIED",CERL-CRN & RICE,705606.0,931398.6
71,2011,CA,"CEREAL, FORTIFIED",CERL-FT RTE OAT,479810.0,662137.8
72,2011,CA,"CHEESE, NATURAL AMER","CHEDR,RDU-FAT-Y",39950.0,89032.57
73,2011,CA,"CHEESE, NATURAL AMER",CHEESE CHED RDU FAT YEL CUTS-4/10 LB ,79900.0,201615.68
74,2011,CA,"CHEESE, NATURAL AMER",CHEESE CHED WHT CUTS-4/10 LB ,39950.0,97501.96
75,2011,CA,"CHEESE, NATURAL AMER",CHEESE CHED YEL CUTS-4/10 LB ,119850.0,274332.68
76,2011,CA,"CHEESE, MOZZARELLA","MOZZ,LT,SHRD,FZ",322560.0,597731.86
77,2011,CA,"CHEESE, MOZZARELLA",CHEESE MOZ LITE SHRED FRZ BOX-30 LB ,2257920.0,4710242.89
78,2011,CA,"CHEESE, MOZZARELLA","MOZZARELLA,LMPS",443520.0,748742.34
79,2011,CA,"CHEESE, MOZZARELLA",CHEESE MOZ LM PART SKIM FRZ LVS-8/6 LB ,4278192.0,8486296.48
80,2011,CA,"CHEESE, MOZZARELLA","MOZZ, LMPS,UNFZ",1854720.0,3190404.61
81,2011,CA,"CHEESE, MOZZARELLA",CHEESE MOZ LM PART SKIM UNFZ PROCESSR PK ,7782308.0,15089467.18
82,2011,CA,"CHEESE, MOZZARELLA","MOZZ,LMPS,SD,FZ",161280.0,326462.96
83,2011,CA,"CHEESE, MOZZARELLA",CHEESE MOZ LM PART SKM SHRD FRZ BOX-30LB ,2540160.0,5388659.06
84,2011,CA,"CEREAL, PROCESSED",FARINA-WHT PROD,659736.0,392282.93
85,2011,CA,"CEREAL, PROCESSED",FARINA WHEAT PKG-24/14 OZ ,737352.0,502218.25
86,2011,CA,"FLOUR, WHEAT",FLR-AP ENR BL,128520.0,55880.49
87,2011,CA,"FLOUR, WHEAT",FLR-BRD ENR BL,214200.0,107506.98
88,2011,CA,"FLOUR, WHEAT",FLR-WHOLE WHT,171360.0,78281.53
89,2011,CA,"MILK, EVAPORATED",EVAPORATED MILK,5985360.0,3553030.86
90,2011,CA,"MILK, EVAPORATED",MILK EVAPORATED CAN-24/12 FL OZ ,220320.0,154176.25
91,2011,CA,VEG OIL PROD DOM,OIL-VEGETABLE,184800.0,145016.27
92,2011,CA,"PASTA, OTHER",PSTA PROD-EGNDL,437760.0,297709.06
93,2011,CA,"PASTA, OTHER",EGGNOODLE 1/2 INCH WIDE PKG-12/1 LB ,322560.0,245998.07
94,2011,CA,"PASTA, MACARONI",PASTA-MAC PLN E,1548800.0,766377.84
95,2011,CA,"PASTA, MACARONI",PASTA MACARONI PLAIN ELBOW PKG-24/1 LB ,856800.0,528980.16
96,2011,CA,"PASTA, MACARONI",PASTA-ROTINI,56000.0,24298.4
97,2011,CA,"PASTA, MACARONI",PASTA ROTINI MACARONI CTN-20 LB ,56000.0,30240.0
98,2011,CA,"PASTA, OTHER",PASTA-SPAGHETTI,2120800.0,962430.4
99,2011,CA,"PASTA, OTHER",PASTA SPAGHETTI CTN-20 LB ,120000.0,60512.0
100,2011,CA,"PASTA, OTHER",PASTA SPAGHETTI PKG-12/2 LB ,1387200.0,778537.44
101,2011,CA,"PASTA, MACARONI",WHOLE GRAIN MAC,40000.0,16600.0
102,2011,CA,"PASTA, MACARONI",WHLGRAIN ROTNMA,694000.0,386576.4
103,2011,CA,"PASTA, MACARONI",WHOLE GRAIN PASTA ROTINI MAC CTN-20 LB ,280000.0,206152.8
104,2011,CA,"PASTA, MACARONI",WHOLE GRAIN PASTA ROTINI MAC PKG-20/1 LB ,306000.0,185735.2
105,2011,CA,"PASTA, OTHER",WHLGRAIN SPAGHT,80000.0,45500.0
106,2011,CA,"PASTA, OTHER",WHOLE GRAIN SPAGHETTI CTN-20 LB ,280000.0,218800.0
107,2011,CA,"RICE, GRAIN",RICE-MLD US#1 M,252000.0,145807.2
108,2011,CA,"RICE, GRAIN",RICE US#1 MEDIUM GRAIN BAG-25 LB ,210000.0,110985.0
109,2011,CA,"RICE, GRAIN",RICE-MLD US#2 L,840000.0,305134.2
110,2011,CA,"RICE, GRAIN",RICE US#2 LONG GRAIN PKG-24/2 LB ,882000.0,315693.0
111,2011,CA,"RICE, GRAIN",RICE-MLD US#2 M,42000.0,20718.6
112,2011,CA,"CEREAL, PROCESSED",PANCAKES WW FZN,90720.0,67223.52
113,2011,CA,"FRUIT, CANNED",APRICOTS HALVES EX LT CAN-6/10,147744.0,89996.16
114,2011,CA,"FRUIT, CANNED",APRICOTS DICED PEELED EX LT CAN-6/10,184680.0,111902.4
115,2011,CA,"FRUIT, CANNED",PEACHES CLING SLICES EX LT CAN-6/10,3878964.0,2364478.56
116,2011,CA,"FRUIT, DRIED",RAISINS CTN-30 LB,82800.0,99608.4
117,2011,CA,"FRUIT, DRIED",RAISINS PKG-24/15 OZ,155520.0,206254.08
118,2011,CA,"FRUIT, CANNED",APRICOTS HALVES EX LT CAN-6/10,775656.0,418662.72
119,2011,CA,"FRUIT, CANNED",APRICOT HALVES CAN-24/300,1458000.0,1001532.6
120,2011,CA,"FRUIT, CANNED",MIXED FRUIT CAN-24/300,5175900.0,3142913.4
121,2011,CA,"FRUIT, CANNED",MIXED FRUIT EX LT CAN-6/10,14527313.25,7715813.18
122,2011,CA,"FRUIT, CANNED",PEACHES CLING SLICES CAN-24/300,5832000.0,3770323.2
123,2011,CA,"FRUIT, CANNED",PEARS DICED EX LT CAN-6/10,1224816.0,706581.12
124,2011,CA,"VEGETABLE, CANNED",TOMATO CAN-24/300,422820.0,169403.4
125,2011,CA,"VEGETABLE, CANNED",TOMATO DICED CAN-24/300,528525.0,216869.4
126,2011,CA,"VEGETABLE, CANNED",TOMATO SALSA CAN-6/10,1051308.0,487664.64
127,2011,CA,"VEGETABLE, CANNED",TOMATO SAUCE CAN-24/300,2609032.5,905045.49
128,2011,CA,"VEGETABLE, CANNED",SPAGHETTI SAUCE MEATLESS CAN-24/300,692550.0,263363.4
129,2011,CA,"VEGETABLE, CANNED",BEANS VEGETARIAN CAN-6/10,769824.0,242333.0
130,2011,CA,"VEGETABLE, CANNED",BEANS PINTO CAN-6/10,629856.0,196281.0
131,2011,CA,"VEGETABLE, CANNED",BEANS SMALL RED CAN-6/10,384912.0,126993.0
132,2011,CA,"BEANS, DRY",BEANS BABY LIMA DRY PKG-12/2 LB,120960.0,73768.0
133,2011,CA,"BEANS, DRY",BEANS GREAT NORTHERN DRY PKG-12/2 LB,282240.0,143540.0
134,2011,CA,"FRUIT, CANNED",PEACHES CLING SLICES CAN-24/300,6670350.0,3771408.6
135,2011,CA,"FRUIT, CANNED",PEACHES CLING SLICES EX LT CAN-6/10,9896796.0,5334477.78
136,2011,CA,"FRUIT, CANNED",PEACHES CLING DICED EX LT  CAN-6/10,8410464.0,5039575.2
137,2011,CA,"FRUIT, CANNED",MIXED FRUIT CAN-24/300,1385100.0,897010.2
138,2011,CA,"FRUIT, CANNED",MIXED FRUIT EX LT CAN-6/10,725040.0,423651.36
139,2011,CA,"FRUIT, CANNED",APRICOTS HALVES EX LT CAN-6/10,978804.0,726426.24
140,2011,CA,"FRUIT, CANNED",APRICOTS DICED PEELED EX LT CAN-6/10,1145016.0,676704.0
141,2011,CA,"FRUIT, CANNED",PEACHES CLING SLICES EX LT CAN-6/10,2682648.0,1823416.32
142,2011,CA,"FRUIT, CANNED",K PEACHES CLING CAN-6/10,217512.0,128810.88
143,2011,CA,"VEGETABLE, CANNED",TOMATO PASTE CAN-6/10,1708833.96,883968.0
144,2011,CA,"VEGETABLE, CANNED",TOMATO DICED CAN-6/10,348840.0,118122.24
145,2011,CA,"VEGETABLE, CANNED",TOMATO SAUCE CAN-24/300,68850.0,30095.1
146,2011,CA,"VEGETABLE, CANNED",TOMATO SAUCE CAN-6/10,326268.0,99152.64
147,2011,CA,"VEGETABLE, CANNED",SPAGHETTI SAUCE MEATLESS CAN-6/10,529788.0,204956.08
148,2011,CA,"FRUIT, DRIED",PLUMS PITTED DRIED PKG-24/1 LB,36000.0,39450.0
149,2011,CA,"FRUIT, DRIED",PLUMS PITTED DRIED PKG-24/1 LB,252000.0,313950.0
150,2011,CA,"FRUIT, FROZEN",APRICOT SLICES FRZ BOX-20 LB,76000.0,71630.0
151,2011,CA,"FRUIT, FROZEN",APRICOT FRZ CUP-96/4.5 OZ,258720.0,283318.0
152,2011,CA,"FRUIT, FROZEN",PEACHES FREESTONE SLICES FRZ CTN-12/2 LB,871200.0,944772.84
153,2011,CA,"FRUIT, FROZEN",PEACHES FREESTONE SLICES FRZ CTN-20 LB,114000.0,82783.0
154,2011,CA,"FRUIT, FROZEN",PEACH FREESTONE DICED FRZ CUP-96/4.4 OZ,2698080.0,3147396.0
155,2011,CA,"FRUIT, FROZEN",STRAWBERRY FRZ CTN-30 LB,673200.0,583413.6
156,2011,CA,"FRUIT, FROZEN",STRAWBERRY SLICES FRZ CTN-30 LB,1227600.0,1017772.8
157,2011,CA,"FRUIT, FROZEN",PEACHES FREESTONE SLICES FRZ CTN-20 LB,76000.0,52858.0
158,2011,CA,"FRUIT, FROZEN",PEACH FREESTONE DICED FRZ CUP-96/4.4 OZ,8082861.6,7601511.27
159,2011,CA,"FRUIT, FROZEN",STRAWBERRY FRZ CUP-96/4.5 OZ,8815527.0,10460517.04
160,2011,CA,"FRUIT, FROZEN",APRICOT FRZ CUP-96/4.5 OZ,651024.0,839814.0
161,2011,CA,"FRUIT, FROZEN",STRAWBERRY SLICES FRZ CTN-30 LB,1207800.0,1062725.4
162,2011,CA,"FRUIT, CANNED",APRICOT HALVES CAN-24/300,182250.0,129972.6
163,2011,CA,"FRUIT, CANNED",MIXED FRUIT CAN-24/300,218700.0,135982.8
164,2011,CA,"FRUIT, CANNED",PEACHES CLING SLICES CAN-24/300,400950.0,350211.6
165,2011,CA,"FRUIT, CANNED",PEACHES CLING SLICES EX LT CAN-6/10,7940619.0,5366707.08
166,2011,CA,"FRUIT, CANNED",PEACHES CLING DICED EX LT  CAN-6/10,2972664.0,1611914.4
167,2011,CA,"VEGETABLE, CANNED",TOMATO DICED CAN-6/10,488376.0,199791.84
168,2011,CA,"VEGETABLE, CANNED",TOMATO SALSA CAN-6/10,2102616.0,1040792.64
169,2011,CA,"FRUIT, DRIED",RAISINS BOX-144/1.33 OZ,1102608.0,1770219.36
170,2011,CA,"FRUIT, DRIED",RAISINS PKG-24/15 OZ,272160.0,352598.4
171,2011,CA,"FRUIT, DRIED",PLUMS PITTED DRIED PKG-24/1 LB,1080000.0,1230915.0
172,2011,CA,"FRUIT, FROZEN",PEACH FREESTONE DICED FRZ CUP-96/4.4 OZ,110880.0,122682.0
173,2011,CA,"FRUIT, FROZEN",K PEACH FREESTONEDICED FRZ CUP-96/4.4 OZ,73920.0,81732.0
174,2011,CA,"FRUIT, FROZEN",STRAWBERRY FRZ CTN-30 LB,831600.0,746024.4
175,2011,CA,"FRUIT, JUICE",GRAPE CONCORD JUICE PLST BTL-8/64 FL OZ,2675250.0,1875391.25
176,2011,CA,"FRUIT, JUICE",GRAPEFRUIT JUCE PLST BTL-8/64 FL OZ,71340.0,25420.0
177,2011,CA,"VEGETABLE, JUICE",TOMATO JUICE PLST BTL-8/64 FL OZ,998760.0,329547.75
178,2011,CA,NUTS,PISTACHIO ROASTED IN SHELL PKG-25/1 LB,3160000.0,14402873.63
179,2011,CA,"VEGETABLE, CANNED",TOMATO PASTE DRUM-55 GAL,808920.0,360840.96
180,2011,CA,"VEGETABLE, CANNED",TOMATO PASTE FOR BULK PROCESSING,6783000.0,2532807.9
181,2011,CA,"FRUIT, DRIED",FIG PIECES PKG-24/1 LB,6692016.0,7742047.82
182,2011,CA,"FRUIT, DRIED",FIG PIECES CTN-25 LB,70000.0,67648.0
183,2011,CA,"FRUIT, DRIED",PLUMS PITTED DRIED PKG-24/1 LB,2088000.0,2187330.0
184,2011,CA,"FRUIT, DRIED",PLUMS PITTED DRIED CTN 25 LB,38500.0,40702.2
185,2011,CA,"FRUIT, DRIED",FIG PIECES PKG-24/1 LB,380160.0,525550.0
186,2011,CA,"FRUIT, DRIED",FRUIT MIX DRIED PKG-5/5 LB,2766400.0,7186160.8
187,2011,CA,"VEGETABLE, DRIED",POTATOES DEHYDRATED FLKS PKG-12/1 LB,480000.0,770900.0
188,2011,CA,"FRUIT, FROZEN",PEACH FREESTONE DICED FRZ CUP-96/4.4 OZ,36960.0,34664.0
189,2011,CA,"FRUIT, JUICE",GRAPE CONCORD JUICE PLST BTL-8/64 FL OZ,463710.0,347300.75
190,2011,CA,"FRUIT, DRIED",PLUMS PITTED DRIED PKG-24/1 LB,1152000.0,1352400.0
191,2011,CA,"FRUIT, FRESH",PEARS BARTLETT FRESH CTN-45 LB,81000.0,40275.0
192,2011,CA,"FRUIT, FRESH",APPLES RED DELICIOUS FRESH CTN-40 LB,35574.0,16170.0
193,2011,CA,"FRUIT, FRESH",APPLES GALA FRESH G CARTON-40 LB,71148.0,32986.8
194,2011,CA,"VEGETABLE, CANNED",BEANS GARBANZO CAN-6/10,104976.0,42206.4
195,2011,CA,"VEGETABLE, CANNED",BEANS PINTO CAN-6/10,314928.0,126835.2
196,2011,CA,"VEGETABLE, CANNED",BEANS RED KIDNEY CAN-6/10,104976.0,51019.2
197,2011,CA,NUTS,PISTACHIO ROASTED IN SHELL PKG-25/1 LB,1280000.0,5636400.0
198,2011,CA,"BEEF, GROUND",BEEF FINE GROUND FRZ PKG-40/1 LB,360000.0,824072.0
199,2011,CA,"PORK, FROZEN",PORK PICNIC BNLS FRZ CTN-60 LB,720360.0,900085.82
200,2011,CA,"PORK, FROZEN",PORK PICNIC BNLS FRZ CTN-60 LB,40020.0,47864.0
201,2011,CA,"HAM, FULLY COOKED",PORK HAM WATERAD SLC FRZ PKG-8/5 LB,600000.0,1204900.0
202,2011,CA,"HAM, FULLY COOKED",PORK HAM WATERAD SLC FRZ PKG-8/5 LB,1600000.0,2972801.0
203,2011,CA,"HAM, FULLY COOKED",PORK HAM WTRADCBEDFRZ PKG-4/10 OR 8/5 LB,160000.0,313920.0
204,2011,CA,"BEEF, GROUND",BEEF COARSE GROUND FRZ CTN-60 LB,6468000.0,14540933.4
205,2011,CA,"BEEF, GROUND",BEEF COARSE GROUND FRZ CTN-60 LB,22134000.0,48923270.0
206,2011,CA,"BEEF, GROUND",BEEF FINE GROUND FRZ CTN-40 LB,3080000.0,6978596.0
207,2011,CA,"BEEF, GROUND",BEEF FINE GROUND FRZ CTN-40 LB,6270000.0,15101131.0
208,2011,CA,"BEEF, GROUND",BEEF FINE GROUND FRZ PKG-40/1 LB,720000.0,1548088.0
209,2011,CA,"BEEF, SPECIAL TRIM",BEEF BNLS SPECIAL TRM FRZ CTN-60 LB,546000.0,1812934.2
210,2011,CA,"BEEF, SPECIAL TRIM",BEEF BNLS SPECIAL TRM FRZ CTN-60 LB,588000.0,1923954.0
211,2011,CA,"BEEF, FRESH",BEEF FRESH BNLS COMBO-20/2000 LB,560000.0,1107072.0
212,2011,CA,"BEEF, FRESH",BEEF FRESH BNLS COMBO-20/2000 LB,1240000.0,2624416.0
213,2011,CA,"BEEF, COOKED",BEEF SPP PATTY HOMESTYLE CKD CTN-40 LB,798000.0,2088388.8
214,2011,CA,"BEEF, COOKED",BEEF SPP PATTY HOMESTYLE CKD CTN-40 LB,1634000.0,3973182.0
215,2011,CA,"BEEF, COOKED",BEEF CRUMBLES W/SPP PKG-4/10 LB,1960000.0,4758056.0
216,2011,CA,"BEEF, COOKED",BEEF CRUMBLES W/SPP PKG-4/10 LB,680000.0,1753776.0
217,2011,CA,"BEEF, FRESH",BEEF FRESH BNLS COMBO-20/2000 LB,280000.0,577868.0
218,2011,CA,"PORK, COOKED",PORK CRUMBLES W/ SPP PKG-4/10 LB,120000.0,262800.0
219,2011,CA,"BEEF, COOKED",BEEF SPP PATTY HOMESTYLE CKD CTN-40 LB,304000.0,775633.2
220,2011,CA,"BEEF, COOKED",BEEF CRUMBLES W/SPP PKG-4/10 LB,520000.0,1305292.0
221,2011,CA,"BEEF, CANNED",BEEF CHILI W/O BEANS CAN-24/24 OZ,684000.0,1052283.6
222,2011,CA,"BEEF, CANNED",BEEF CHILI W/O BEANS CAN-24/24 OZ,396000.0,605057.0
223,2011,CA,"BEEF, GROUND",BEEF COARSE GROUND FRZ CTN-60 LB,14280004.0,30480139.6
224,2011,CA,"BEEF, GROUND",BEEF FINE GROUND FRZ CTN-40 LB,120000.0,278988.0
225,2011,CA,"BEEF, FRESH",BEEF FRESH BNLS COMBO-20/2000 LB,240000.0,489968.0
226,2011,CA,"BEEF, GROUND",BEEF COARSE GROUND FRZ CTN-60 LB,336000.0,701820.0
227,2011,CA,"BEEF, GROUND",BEEF FINE GROUND FRZ CTN-40 LB,200000.0,403600.0
228,2011,CA,"TURKEY, FROZEN",TURKEY ROASTS FRZ CTN-32-48 LB,1494450.22,3257079.26
229,2011,CA,"TURKEY, FROZEN",TURKEY ROASTS FRZ CTN-32-48 LB,1280000.0,2722480.0
230,2011,CA,"TURKEY, COOKED",TURKEY BREAST DELI FRZ CTN-40 LB,767600.0,2270726.44
231,2011,CA,"TURKEY, COOKED",TURKEY BREAST DELI FRZ CTN-40 LB,160000.0,396800.0
232,2011,CA,"TURKEY, COOKED",TURKEY BREAST SMKD DELI FRZ CTN-40 LB,40000.0,99200.0
233,2011,CA,"TURKEY, BULK",TURKEY CHILLED -BULK,216000.0,217182.0
234,2011,CA,"TURKEY, COOKED",TURKEY BREAST SMKD DELI FRZ CTN-40 LB,323159.6,979142.77
235,2011,CA,"CHICKEN, BULK",CHICKEN LEGS CHILLED -BULK,4896000.0,2946600.0
236,2011,CA,"CHICKEN, BULK",CHICKEN LEGS CHILLED -BULK,2327040.0,1651085.76
237,2011,CA,"VEGETABLE, FRESH",CARROTS FRESH BABY CUTS BAG-100/2 OZ,422284.0,422802.0
238,2011,CA,"VEGETABLE, CANNED",CORN WHOLE KERNEL CAN-24/300,1086147.0,479583.0
239,2011,CA,"VEGETABLE, CANNED",CORN CREAM STYLE CAN-24/300,400950.0,177797.0
240,2011,CA,"VEGETABLE, CANNED",TOMATO DICED CAN-24/300,2325510.0,940147.0
241,2011,CA,"VEGETABLE, CANNED",SPAGHETTI SAUCE MEATLESS CAN-24/300,1166400.0,419121.0
242,2011,CA,"VEGETABLE, CANNED",TOMATO SALSA CAN-6/10,4132728.0,1694718.0
243,2011,CA,"VEGETABLE, CANNED",TOMATO SAUCE CAN-6/10,290016.0,87188.0
244,2011,CA,"VEGETABLE, CANNED",TOMATO CAN-24/300,493290.0,196505.0
245,2011,CA,"VEGETABLE, CANNED",TOMATO DICED CAN-6/10,383724.0,123557.0
246,2011,CA,"VEGETABLE, CANNED",SPAGHETTI SAUCE MEATLESS CAN-6/10,832524.0,258805.0
247,2011,CA,"VEGETABLE, CANNED",TOMATO SAUCE CAN-24/300,1032750.0,352266.0
248,2011,CA,"VEGETABLE, CANNED",TOMATO PASTE FOR BULK PROCESSING,6183450.0,2489786.0
249,2011,CA,"VEGETABLE, CANNED",TOMATO PASTE DRUM-55 GAL,346680.0,156480.0
250,2011,CA,"VEGETABLE, CANNED",TOMATO PASTE CAN-6/10,1594404.0,903583.0
251,2011,CA,"FRUIT, DRIED  ",FRUIT AND NUT MIX DRIED PKG-24/1 LB,174720.0,383899.0
252,2011,CA,"FRUIT, DRIED  ",FRUIT AND NUT MIX DRIED PKG-5/5 LB,473200.0,1052583.0
253,2011,CA,"FRUIT, JUICE",GRAPE CONCORD JUICE PLST BTL-8/64 FL OZ,1926180.0,1288651.0
254,2011,CA,"VEGETABLE, JUICE",TOMATO JUICE PLST BTL-8/64 FL OZ,1640820.0,484264.0
255,2011,CA,"FRUIT, JUICE",ORANGE JUICE PLST BTL-8/64 FL OZ,71340.0,34400.0
256,2011,CA,"FRUIT, JUICE",GRAPEFRUIT JUCE PLST BTL-8/64 FL OZ,1854840.0,706307.0
257,2011,CA,"FRUIT, JUICE",CRANBERRYAPPLE JUICE PLST BTL-8/64 FL OZ,35670.0,16246.0
258,2011,CA,"FRUIT, JUICE ",APPLE JUICE PLST BTL-8/64 FL OZ,2389890.0,927891.0
259,2011,CA,"FRUIT, JUICE",CHERRY APPLE JUICE PLST BTL-8/64 FL OZ,677730.0,365456.0
260,2011,CA,FRUIT JUICE BLK,ORANGE JUICE CONC - TANKERS,312000.0,765336.0
261,2011,CA,"FRUIT, FRESH   ",APPLES FRESH SLC-100/2 OZ,643500.0,909708.0
262,2011,CA,"FRUIT, FRESH   ",APPLES FRESH SLC-200/2 OZ,54600.0,74736.0
263,2011,CA,"FRUIT, CANNED  ",APRICOT HALVES CAN-24/300,4665600.0,3079957.0
264,2011,CA,"FRUIT, FROZEN  ",APRICOT SLICES FRZ BOX-20 LB,76000.0,72352.0
265,2011,CA,"FRUIT, CANNED  ",APRICOTS HALVES EX LT CAN-6/10,1181952.0,632424.0
266,2011,CA,"FRUIT, FROZEN",STRAWBERRY FRZ CTN-30 LB,633600.0,530468.0
267,2011,CA,"FRUIT, FROZEN",STRAWBERRY SLICES FRZ CTN-30 LB,1069200.0,789692.0
268,2011,CA,"FRUIT, CANNED",MIXED FRUIT CAN-24/300,8638650.0,4605817.0
269,2011,CA,"FRUIT, CANNED  ",K PEACHES CLING CAN-6/10,13812012.0,5825155.0
270,2011,CA,"FRUIT, CANNED",PEACHES CLING DICED EX LT  CAN-6/10,10489787.0,4290618.0
271,2011,CA,"FRUIT, CANNED",PEACHES CLING SLICES CAN-24/300,7946100.0,4113923.0
272,2011,CA,"FRUIT, FROZEN",PEACH FREESTONE DICED FRZ CUP-96/4.4 OZ,6190351.0,5425925.0
273,2011,CA,"FRUIT, FROZEN",STRAWBERRY FRZ CUP-96/4.5 OZ,4725000.0,5241206.0
274,2011,CA,"FRUIT, FROZEN",PEACHES FREESTONE SLICES FRZ CTN-20 LB,663460.0,556270.0
275,2011,CA,"FRUIT, CANNED  ",K PEARS SLICES CAN-6/10,2701800.0,1660426.0
276,2011,CA,"FRUIT, CANNED",PEARS DICED EX LT CAN-6/10,324216.0,216153.0
277,2011,CA,"FRUIT, CANNED",PEARS CAN-24/300,583200.0,388106.0
278,2011,CA,"FRUIT, FROZEN  ",APRICOT FRZ CUP-96/4.5 OZ,295680.0,353948.0
279,2011,CA,"FRUIT, DRIED",PLUMS PITTED DRIED PKG-24/1 LB,72000.0,79470.0
280,2011,CA,"FRUIT, DRIED",RAISINS PKG-24/15 OZ,466560.0,594398.0
281,2011,CA,"FRUIT, DRIED",RAISINS BOX-144/1.33 OZ,1387152.0,2082951.0
282,2011,CA,"FRUIT, FROZEN",STRAWBERRY SLICES FRZ CTN-30 LB,237600.0,193446.0
283,2011,CO,"BEEF, GROUND",BEEF 100% PATTY FRZ CTN-40 LB,76000.0,198227.0
284,2011,CO,"BEEF, GROUND",BEEF PATTY LEAN FRZ CTN-40 LB,38000.0,104390.0
285,2011,CO,"BEEF, GROUND",BEEF COARSE GROUND FRZ CTN-60 LB,126000.0,265545.0
286,2011,FL,"FRUIT, FRESH",PEARS BOSC FRESH CTN-45 LB,40500.0,18765.0
287,2011,FL,"FRUIT, FRESH",ORANGES CTN-34-39 LB,74898.0,30677.4
288,2011,FL,"VEGETABLE, CANNED",BEANS REFRIED CAN-24/300,293760.0,144968.0
289,2011,FL,"VEGETABLE, CANNED",BEANS REFRIED CAN-6/10,435456.0,203152.0
290,2011,FL,"VEGETABLE, CANNED",BEANS VEGETARIAN CAN-24/300,330480.0,146098.0
291,2011,FL,"VEGETABLE, CANNED",BEANS BLACKEYE CAN-24/300,355730.0,168501.0
292,2011,FL,"VEGETABLE, CANNED",BEANS LIGHT RED KIDNEY CAN-24/300,177865.0,77251.0
293,2011,FL,"VEGETABLE, CANNED",BEANS BLACK CAN-24/300,35573.0,16233.0
294,2011,FL,"VEGETABLE, FRESH",TOMATOES FRESH CTN-25 LB,1200000.0,370530.0
295,2011,FL,"FRUIT, JUICE",ORANGE JUICE PLST BTL-8/64 FL OZ,1070100.0,559597.0
296,2011,FL,"FRUIT, JUICE",GRAPEFRUIT JUCE PLST BTL-8/64 FL OZ,9131520.0,3429223.0
297,2011,FL,FRUIT JUICE FRZ,ORANGE JUICE SINGLE CTN-70/4 OZ,984960.0,436913.0
298,2011,FL,"FRUIT, FRESH   ",ORANGES CTN-34-39 LB,486837.0,162150.0
299,2011,GA,PEANUT PRODUCTS,PNUT BUTTR SMTH,233281.0,234011.92
300,2011,GA,PEANUT PRODUCTS,PEANUT BUTTER SMOOTH DRUM-500 LB ,40000.0,49600.0
301,2011,GA,"VEGETABLE, FROZEN",CARROTS FRZ CTN-30 LB,198000.0,94248.0
302,2011,GA,"CHICKEN, CANNED",CHICKEN BONED CAN-48/12.5 OZ,1200000.0,1961092.51
303,2011,GA,"CHICKEN, CANNED",CHICKEN BONED CAN-48/12.5 OZ,450000.0,743459.0
304,2011,GA,"CHICKEN, COOKED",CHICKEN DICED CTN-40 LB,3000000.0,6255264.0
305,2011,GA,"CHICKEN, COOKED",CHICKEN DICED CTN-40 LB,800000.0,1846602.0
306,2011,GA,"CHICKEN, BULK",CHICKEN LARGE CHILLED -BULK,4968000.0,3533278.0
307,2011,GA,"CHICKEN, COOKED",CHICKEN FAJITA STRIPS CTN-30 LB,3237000.0,6182135.76
308,2011,GA,"CHICKEN, COOKED",CHICKEN OVEN ROASTED FRZ 8 PC CTN-30 LB,180000.0,429703.2
309,2011,GA,EGG PRODUCTS,EGGS WHOLE FRZ CTN-6/5 LB,360180.0,337764.82
310,2011,GA,"CHICKEN, FROZEN",CHICKEN CUT-UP FRZ CTN-40 LB,320000.0,254684.0
311,2011,GA,"CHICKEN, FROZEN",CHICKEN CUT-UP FRZ CTN-40 LB,1640000.0,1311336.04
312,2011,GA,"CHICKEN, FROZEN",CHICKEN CUT-UP FRZ CTN-40 LB,560000.0,434784.0
313,2011,GA,"CHICKEN, COOKED",CHICKEN FAJITA STRIPS CTN-30 LB,234000.0,431204.0
314,2011,GA,"CHICKEN, COOKED",CHICKEN DICED CTN-40 LB,280000.0,654000.0
315,2011,GA,"CHICKEN, COOKED",CHICKEN FAJITA STRIPS CTN-30 LB,702000.0,1512966.0
316,2011,GA,EGG PRODUCTS,EGGS WHOLE FRZ CTN-6/5 LB,320160.0,269838.88
317,2011,GA,EGG PRODUCTS,EGGS WHOLE FRZ CTN-6/5 LB,920460.0,632615.0
318,2011,GA,"CHICKEN, FROZEN",CHICKEN LEG QTRS FRZ PKG-8/5 LB,31293000.0,20904514.3
319,2011,GA,FRUIT JUICE FRZ,ORANGE JUICE SINGLE CTN-70/4 OZ,693120.0,299039.0
320,2011,IA,"CEREAL, PROCESSED",OATS-ROLLED,556920.0,431318.18
321,2011,IA,"CEREAL, PROCESSED",OATS ROLLED BAG-25 LB ,160000.0,59288.0
322,2011,IA,"CEREAL, PROCESSED",OATS ROLLED BAG-50 LB ,42000.0,15464.4
323,2011,IA,"CEREAL, PROCESSED",OATS ROLLED PKG-12/3 LB ,2001600.0,890071.46
324,2011,IA,"CEREAL, PROCESSED",OATS ROLLED TUBE-12/42 OZ ,163800.0,118496.2
325,2011,IA,"CEREAL, PROCESSED",WHOLE WHEAT PANCAKES FZN PKG 12/12 ,581414.0,416741.71
326,2011,IA,"PORK, FROZEN",PORK PICNIC BNLS FRZ CTN-60 LB,1080540.0,1475517.39
327,2011,IA,"HAM, FULLY COOKED",PORK HAM WATERAD FRZ CTN-12/3 LB,720000.0,1248696.0
328,2011,IA,"HAM, FULLY COOKED",PORK HAM WATERAD FRZ PKG 4/10 LB,1080000.0,1798520.0
329,2011,IA,"HAM, FULLY COOKED",PORK HAM WATERAD FRZ PKG 4/10 LB,1720000.0,2558126.0
330,2011,IA,"PORK, FROZEN",PORK ROAST LEG FRZ CTN-32-40 LB,1191200.0,2004894.03
331,2011,IA,"PORK, FROZEN",PORK ROAST LEG FRZ CTN-32-40 LB,440000.0,614056.0
332,2011,IA,"PORK, FROZEN",PORK PICNIC BNLS FRZ CTN-60 LB,3180780.0,4414504.82
333,2011,IA,"PORK, FROZEN",PORK PICNIC BNLS FRZ CTN-60 LB,2201100.0,2635394.0
334,2011,IA,"BEEF, CANNED",BEEF STEW CAN-24/24 OZ,7740000.0,7426177.0
335,2011,IA,"BEEF, CANNED",BEEF STEW CAN-24/24 OZ,9180000.0,9670950.0
336,2011,IA,EGG PRODUCTS,EGGS WHOLE LIQ BULK -TANK,2714880.0,1969587.04
337,2011,IA,EGG PRODUCTS,EGGS WHOLE LIQ BULK -TANK,4320000.0,2377034.0
338,2011,IA,EGG PRODUCTS,EGG MIX DRIED PKG-48/6 OZ,216000.0,742420.8
339,2011,IA,EGG PRODUCTS,EGG MIX DRIED PKG-48/6 OZ,792000.0,2412783.0
340,2011,IA,EGG PRODUCTS,EGGS WHOLE LIQ BULK -TANK,484800.0,384446.4
341,2011,IA,EGG PRODUCTS,EGGS WHOLE FRZ CTN-6/5 LB,360180.0,332198.03
342,2011,IA,EGG PRODUCTS,EGGS WHOLE FRZ CTN-6/5 LB,560280.0,391730.0
343,2011,IA,EGG PRODUCTS,EGGS WHOLE LIQ BULK -TANK,533280.0,420176.16
344,2011,IA,SHELL EGG,EGGS 15 DOZEN,1282500.0,843541.0
345,2011,ID,"CHEESE, NATURAL AMER","CHEDDAR, YELLOW",199751.0,329037.77
346,2011,ID,"CHEESE, NATURAL AMER",CHEESE CHED YEL BLOCK-40 LB ,439450.0,941126.22
347,2011,ID,"CHEESE, NATURAL AMER","CHEDR,R-F,SHD,Y",153600.0,287385.59
348,2011,ID,"CHEESE, NATURAL AMER","CHEDR,SHRED,YEL",422400.0,778775.04
349,2011,ID,"CHEESE, NATURAL AMER","CHEDDAR, WHITE",39950.0,61650.84
350,2011,ID,"CHEESE, MOZZARELLA",CHEESE MOZ LM PART SKIM UNFZ PROCESSR PK ,725760.0,1514560.28
351,2011,ID,"CHEESE, NATURAL AMER",CHEESE-NTL AM,5080000.0,9203512.0
352,2011,ID,"CHEESE, NATURAL AMER",CHEESE NATURAL AMER FBD BARREL-500 LB ,10240000.0,21936652.0
353,2011,ID,"RICE, GRAIN",RICE-MLD US#2 L,42000.0,16640.4
354,2011,ID,"RICE, GRAIN",RICE US#2 LONG GRAIN PKG-24/2 LB ,126000.0,50731.79
355,2011,ID,"RICE, GRAIN",RICE US#2 LONG GRAIN PKG-30/2 LB ,210000.0,90069.0
356,2011,ID,"VEGETABLE, FROZEN",POTATO BULK FOR PROCESS DEHY,1560000.0,112944.0
357,2011,ID,"VEGETABLE, FRESH",POTATO BULK FOR PROCESS FRZ,11280000.0,1009560.0
358,2011,ID,"VEGETABLE, FROZEN",POTATO BULK FOR PROCESS DEHY,3160000.0,213300.0
359,2011,ID,"VEGETABLE, FRESH",POTATO BULK FOR PROCESS FRZ,40000.0,3240.0
360,2011,ID,"VEGETABLE, FROZEN",SWEET POTATOES MASHED FRZ PKG-6/5 LB,79290.0,58861.98
361,2011,ID,"VEGETABLE, FROZEN",POTATOES WEDGE FAT FREE FRZ PKG-6/5 LB,1267200.0,626656.8
362,2011,ID,"VEGETABLE, FROZEN",POTATOES WEDGE FAT FREE FRZ PKG-6/5 LB,1386000.0,596202.0
363,2011,ID,"VEGETABLE, FROZEN",POTATOES WEDGE FRZ PKG-6/5 LB,237600.0,104808.0
364,2011,ID,"VEGETABLE, FROZEN",POTATOES ROUNDS FRZ PKG-6/5 LB,2811600.0,1253497.0
365,2011,ID,"VEGETABLE, CANNED",SOUP VEGETABLE CAN-24/1,780450.0,633094.0
366,2011,ID,"VEGETABLE, CANNED",BEANS BLACK TURTLE CAN-6/10,69984.0,34231.68
367,2011,ID,"VEGETABLE, CANNED",BEANS REFRIED CAN-24/300,257040.0,119554.2
368,2011,ID,"VEGETABLE, CANNED",BEANS REFRIED CAN-6/10,362880.0,181552.32
369,2011,ID,"VEGETABLE, CANNED",BEANS VEGETARIAN CAN-24/300,146880.0,65040.3
370,2011,ID,"VEGETABLE, CANNED",BEANS VEGETARIAN CAN-24/300,477360.0,194876.0
371,2011,ID,"VEGETABLE, CANNED",BEANS VEGETARIAN CAN-6/10,174960.0,61940.0
372,2011,ID,"VEGETABLE, CANNED",BEANS LIGHT RED KIDNEY CAN-24/300,35572.5,16309.8
373,2011,ID,"VEGETABLE, CANNED",BEANS LIGHT RED KIDNEY CAN-24/300,106719.0,46421.0
374,2011,ID,"VEGETABLE, CANNED",BEANS REFRIED CAN-24/300,367200.0,161370.0
375,2011,ID,"VEGETABLE, CANNED",BEANS REFRIED CAN-6/10,616896.0,254534.0
376,2011,ID,"VEGETABLE, CANNED",BEANS PINTO CAN-6/10,174960.0,57647.0
377,2011,ID,"VEGETABLE, CANNED",BEANS BLACKEYE CAN-24/300,142292.0,64001.0
378,2011,ID,"VEGETABLE, CANNED",BEANS RED KIDNEY CAN-6/10,104976.0,39070.0
379,2011,ID,"VEGETABLE, FROZEN",POTATO BULK FOR PROCESS DEHY,5880000.0,499800.0
380,2011,ID,"VEGETABLE, CANNED",SOUP VEGETABLE CAN-24/1,638550.0,507452.0
381,2011,IL,VEG OIL PROD DOM,OIL SOYBEAN LOW SAT FAT BTL-6/1 GAL ,591360.0,558354.69
382,2011,IL,VEG OIL PROD DOM,OIL-VEGETABLE,2408448.0,1780049.7
383,2011,IL,VEG OIL PROD DOM,OIL VEGETABLE BTL-6/1 GAL ,1367520.0,1032093.18
384,2011,IL,VEG OIL PROD DOM,OIL VEGETABLE BTL-8/48 OZ ,1158696.0,922151.22
385,2011,IL,"VEGETABLE, CANNED",BEANS GREEN CAN-6/10,12023998.0,4462064.86
386,2011,IL,"VEGETABLE, CANNED",PEAS CAN-6/10,2665776.0,1049100.96
387,2011,IL,"VEGETABLE, CANNED",BEANS BLACK TURTLE CAN-6/10,174960.0,74096.64
388,2011,IL,"VEGETABLE, CANNED",BEANS GARBANZO CAN-6/10,454896.0,203359.68
389,2011,IL,"VEGETABLE, CANNED",BEANS REFRIED CAN-24/300,550800.0,253934.1
390,2011,IL,"VEGETABLE, CANNED",BEANS VEGETARIAN CAN-24/300,367200.0,196620.3
391,2011,IL,"VEGETABLE, CANNED",BEANS RED KIDNEY CAN-6/10,489888.0,223464.96
392,2011,IL,"VEGETABLE, CANNED",BEANS LIGHT RED KIDNEY CAN-24/300,142290.0,74434.5
393,2011,IL,"VEGETABLE, CANNED",BEANS LIGHT RED KIDNEY CAN-24/300,640314.0,267366.0
394,2011,IL,"VEGETABLE, CANNED",BEANS GREAT NORTHERN CAN-6/10,244944.0,104664.96
395,2011,IL,"VEGETABLE, CANNED",BEANS BLACK TURTLE CAN-6/10,69984.0,31890.24
396,2011,IL,"VEGETABLE, CANNED",BEANS GARBANZO CAN-6/10,69984.0,33220.8
397,2011,IL,"VEGETABLE, CANNED",BEANS GARBANZO CAN-6/10,104976.0,40780.0
398,2011,IL,"VEGETABLE, CANNED",BEANS REFRIED CAN-24/300,807840.0,401716.8
399,2011,IL,"VEGETABLE, CANNED",BEANS REFRIED CAN-6/10,616896.0,307463.04
400,2011,IL,"VEGETABLE, CANNED",BEANS VEGETARIAN CAN-24/300,844560.0,450585.0
401,2011,IL,"VEGETABLE, CANNED",BEANS VEGETARIAN CAN-6/10,104976.0,48859.2
402,2011,IL,"VEGETABLE, CANNED",BEANS PINTO CAN-6/10,34992.0,14558.4
403,2011,IL,"VEGETABLE, CANNED",BEANS BLACKEYE CAN-24/300,355725.0,198639.9
404,2011,IL,"VEGETABLE, CANNED",BEANS RED KIDNEY CAN-6/10,244944.0,115551.36
405,2011,IL,"VEGETABLE, CANNED",BEANS LIGHT RED KIDNEY CAN-24/300,604732.5,307338.6
406,2011,IL,"VEGETABLE, CANNED",BEANS GREAT NORTHERN CAN-6/10,34992.0,15033.6
407,2011,IL,"VEGETABLE, CANNED",BEANS REFRIED CAN-24/300,550800.0,245889.0
408,2011,IL,"VEGETABLE, CANNED",BEANS REFRIED CAN-6/10,1124928.0,466589.0
409,2011,IL,"VEGETABLE, CANNED",BEANS BLACKEYE CAN-24/300,355730.0,157866.0
410,2011,IL,"VEGETABLE, CANNED",BEANS BLACK CAN-24/300,71146.0,31548.0
411,2011,IL,"VEGETABLE, CANNED",BEANS PINTO CAN-24/300,142292.0,57712.0
412,2011,IL,"BEEF, GROUND",BEEF COARSE GROUND FRZ CTN-60 LB,6048000.0,13012368.6
413,2011,IL,"BEEF, GROUND",BEEF COARSE GROUND FRZ CTN-60 LB,5334000.0,11942949.0
414,2011,IL,"BEEF, GROUND",BEEF FINE GROUND FRZ CTN-40 LB,1680000.0,3761828.0
415,2011,IL,"BEEF, GROUND",BEEF FINE GROUND FRZ CTN-40 LB,1400000.0,3282332.0
416,2011,IL,"BEEF, GROUND",BEEF FINE GROUND FRZ PKG-40/1 LB,1840000.0,4630120.0
417,2011,IL,"BEEF, GROUND",BEEF FINE GROUND FRZ PKG-40/1 LB,880000.0,2028372.0
418,2011,IL,"BEEF, GROUND",BEEF SPP PATTY FRZ CTN-40 LB,1254000.0,2628334.61
419,2011,IL,"BEEF, GROUND",BEEF SPP PATTY FRZ CTN-40 LB,1596000.0,3875102.0
420,2011,IL,"BEEF, GROUND",BEEF 100% PATTY FRZ CTN-40 LB,988000.0,2307356.2
421,2011,IL,"BEEF, GROUND",BEEF 100% PATTY FRZ CTN-40 LB,1330000.0,3539800.0
422,2011,IL,"BEEF, GROUND",BEEF PATTY 90/10 FRZ CTN-40 LB,456000.0,1116770.6
423,2011,IL,"BEEF, GROUND",BEEF PATTY LEAN FRZ CTN-40 LB,114000.0,305873.4
424,2011,IL,"BEEF, GROUND",BEEF PATTY LEAN FRZ CTN-40 LB,760000.0,2079659.0
425,2011,IL,"BEEF, GROUND",BEEF PATTY LEAN LFTB CTN-40 LB,38000.0,111511.0
426,2011,IL,"HAM, FULLY COOKED",PORK HAM WATERAD FRZ CTN-12/3 LB,1296000.0,2233080.0
427,2011,IL,"HAM, FULLY COOKED",PORK HAM WATERAD FRZ CTN-12/3 LB,936000.0,1530362.0
428,2011,IL,"HAM, FULLY COOKED",PORK HAM WATERAD FRZ PKG 4/10 LB,1560000.0,2496800.0
429,2011,IL,"HAM, FULLY COOKED",PORK HAM WATERAD FRZ PKG 4/10 LB,1480000.0,2262800.0
430,2011,IL,"HAM, FULLY COOKED",PORK HAM WATERAD SLC FRZ PKG-8/5 LB,880000.0,1821600.0
431,2011,IL,"HAM, FULLY COOKED",PORK HAM WATERAD SLC FRZ PKG-8/5 LB,280000.0,528000.0
432,2011,IL,"BEEF, GROUND",BEEF COARSE GROUND FRZ CTN-60 LB,3696000.0,8539162.8
433,2011,IL,"BEEF, GROUND",BEEF FINE GROUND FRZ CTN-40 LB,840000.0,2119200.0
434,2011,IL,"HAM, FULLY COOKED",PORK HAM WATERAD SLC FRZ PKG-8/5 LB,40000.0,88960.0
435,2011,IL,"VEGETABLE, CANNED",CORN WHOLE KERNEL(LIQ) CAN-6/10,4966524.0,1679993.0
436,2011,IL,"VEGETABLE, CANNED",PUMPKIN CAN-24/300,145800.0,103032.0
437,2011,IL,"VEGETABLE, DRIED",POTATOES DEHYDRATED FLKS PKG-12/1 LB,780000.0,1192550.0
438,2011,IN,VEG OIL PROD DOM,BRTRY SPRD LT,204183.0,196015.68
439,2011,IN,VEG OIL PROD DOM,BUTTERY SPREAD LIGHT TUBS-12/15 OZ ,236552.0,225599.04
440,2011,IN,CORN PRODUCTS,CORNMEAL DEGERMED YELLOW BAG-8/5 LB ,85680.0,32284.22
441,2011,IN,CORN PRODUCTS,FLR-CRN MAS IN,172800.0,48206.88
442,2011,IN,CORN PRODUCTS,"GRITS-CORN, WHT",42840.0,10778.54
443,2011,IN,CORN PRODUCTS,GRITS FINE YELLOW BAG-8/5 LB ,42840.0,11738.16
444,2011,IN,INFANT FORMULA,INF FORMULA-MLK,2763180.0,544068.0
445,2011,IN,INFANT FORMULA,INFANT FORMULA MILK DRY CAN-6/12.5 OZ ,31500.0,267750.0
446,2011,IN,"VEGETABLE, CANNED",TOMATO DICED CAN-6/10,453492.0,168382.56
447,2011,IN,"VEGETABLE, CANNED",TOMATO SAUCE CAN-24/300,5955525.0,2253567.6
448,2011,IN,"VEGETABLE, CANNED",TOMATO SAUCE CAN-6/10,2030112.0,628440.96
449,2011,IN,"VEGETABLE, CANNED",SPAGHETTI SAUCE MEATLESS CAN-24/300,4774950.0,1855062.0
450,2011,IN,"VEGETABLE, CANNED",SPAGHETTI SAUCE MEATLESS CAN-6/10,2611098.0,797661.76
451,2011,IN,"VEGETABLE, CANNED",TOMATO SAUCE CAN-6/10,36252.0,13023.36
452,2011,IN,"VEGETABLE, CANNED",SPAGHETTI SAUCE MEATLESS CAN-6/10,2081310.0,684383.28
453,2011,IN,"VEGETABLE, JUICE",TOMATO JUICE PLST BTL-8/64 FL OZ,570720.0,179457.0
454,2011,IN,"VEGETABLE, CANNED",TOMATO CAN-24/300,422820.0,183821.4
455,2011,IN,"VEGETABLE, CANNED",TOMATO DICED CAN-24/300,2043630.0,854469.0
456,2011,IN,"VEGETABLE, CANNED",TOMATO DICED CAN-6/10,1779084.0,606388.8
457,2011,IN,"VEGETABLE, CANNED",TOMATO SAUCE CAN-24/300,6781725.0,2491513.2
458,2011,IN,"VEGETABLE, CANNED",SPAGHETTI SAUCE MEATLESS CAN-24/300,3171150.0,1220767.2
459,2011,IN,"VEGETABLE, CANNED",TOMATO SALSA CAN-6/10,1885104.0,867731.52
460,2011,IN,"BEEF, COOKED",BEEF CRUMBLES W/SPP PKG-4/10 LB,160000.0,411616.0
461,2011,IN,EGG PRODUCTS,EGGS WHOLE LIQ BULK -TANK,96000.0,55892.0
462,2011,IN,EGG PRODUCTS,EGGS WHOLE FRZ CTN-6/5 LB,400200.0,356145.99
463,2011,IN,EGG PRODUCTS,EGGS WHOLE FRZ CTN-6/5 LB,160080.0,107014.0
464,2011,IN,SHELL EGG,EGGS 15 DOZEN,303750.0,244856.25
465,2011,IN,SHELL EGG,EGGS 15 DOZEN,101250.0,66240.0
466,2011,IN,SHELL EGG,EGGS 15 DOZEN,67500.0,46065.0
467,2011,IN,"VEGETABLE, CANNED",TOMATO DICED CAN-24/300,2360745.0,983268.0
468,2011,IN,"VEGETABLE, CANNED",SPAGHETTI SAUCE MEATLESS CAN-24/300,5103000.0,1936974.0
469,2011,IN,"VEGETABLE, CANNED",TOMATO SALSA CAN-6/10,2320128.0,1015530.0
470,2011,IN,"VEGETABLE, CANNED",TOMATO SAUCE CAN-6/10,688788.0,207897.0
471,2011,IN,"VEGETABLE, CANNED",TOMATO CAN-24/300,845640.0,359204.0
472,2011,IN,"VEGETABLE, CANNED",TOMATO DICED CAN-6/10,1897506.0,603485.0
473,2011,IN,"VEGETABLE, CANNED",SPAGHETTI SAUCE MEATLESS CAN-6/10,2648940.0,805657.0
474,2011,IN,"VEGETABLE, CANNED",TOMATO SAUCE CAN-24/300,1514700.0,553599.0
475,2011,KS,"FLOUR, WHEAT",FLR-AP ENR BL,2485440.0,641131.34
476,2011,KS,"FLOUR, WHEAT",FLOUR ALL PURP ENRCH BLCH BAG-50 LB ,43200.0,13694.4
477,2011,KS,"FLOUR, WHEAT",FLOUR ALL PURP ENRCH BLCH BAG-8/5 LB ,3630720.0,1028960.89
478,2011,KS,"FLOUR, BAKERY",FLR-BKR HD W BL,518400.0,125724.97
479,2011,KS,"FLOUR, BAKERY",FLR-BKR HD W BL,855000.0,171130.5
480,2011,KS,"FLOUR, BAKERY",FLOUR BAKER HARD WHT BLCH BAG-50 LB ,475200.0,138801.61
481,2011,KS,"FLOUR, BAKERY",FLOUR BAKER HARD WHT BLCH-BULK ,1530000.0,318775.5
482,2011,KS,"FLOUR, BAKERY",FLOUR BAKER HARD WHT UNBLCH-BULK ,675000.0,137754.0
483,2011,KS,"FLOUR, WHEAT",FLR-BRD ENR BL,385560.0,94205.16
484,2011,KS,"FLOUR, WHEAT",FLOUR BREAD ENRCH BLCH BAG-8/5 LB ,214200.0,66209.22
485,2011,KS,"FLOUR, WHEAT",FLOUR BREAD ENRCH UNBLCH BAG-8/5 LB ,42840.0,13151.88
486,2011,KS,"FLOUR, BAKERY",FLOUR BREAD-BULK ,1035000.0,301950.0
487,2011,KS,"FLOUR, WHEAT",FLR-WHOLE WHT,214200.0,48289.25
488,2011,KS,"FLOUR, WHEAT",FLOUR WHOLE WHEAT BAG-50 LB ,172800.0,48146.41
489,2011,KS,"FLOUR, WHEAT",FLOUR WHOLE WHEAT BAG-8/5 LB ,224880.0,60524.58
490,2011,KS,CORN PRODUCTS,"GRITS-CORN, WHT",2056320.0,623480.56
491,2011,KS,CORN PRODUCTS,GRITS CORN WHITE BAG-8/5 LB ,1028160.0,344112.29
492,2011,KS,CORN PRODUCTS,GRITS-FINE YEL,471240.0,149430.21
493,2011,KS,CORN PRODUCTS,GRITS FINE YELLOW BAG-8/5 LB ,257040.0,84861.76
494,2011,KS,"BEANS, DRY",BEANS BABY LIMA DRY PKG-12/2 LB,226368.0,170263.68
495,2011,KS,"BEANS, DRY",BEANS GREAT NORTHERN DRY PKG-12/2 LB,403200.0,273100.8
496,2011,KS,"BEANS, DRY",BEANS PINTO DRY PKG-12/2 LB,1588608.0,962085.6
497,2011,KS,"BEANS, DRY",BEANS PINTO DRY PKG-12/2 LB,2943360.0,1030272.0
498,2011,KS,"BEANS, DRY",LENTILS DRY PKG 12/2 LB,483840.0,281654.2
499,2011,KS,"HAM, FULLY COOKED",PORK HAM WATERAD SLC FRZ PKG-8/5 LB,1640000.0,3397860.0
500,2011,KS,"HAM, FULLY COOKED",PORK HAM WATERAD SLC FRZ PKG-8/5 LB,960000.0,1895712.0
501,2011,KS,"HAM, FULLY COOKED",PORK HAM WTRADCBEDFRZ PKG-4/10 OR 8/5 LB,1320000.0,2518580.0
502,2011,KS,"HAM, FULLY COOKED",PORK HAM WTRADCBEDFRZ PKG-4/10 OR 8/5 LB,1040000.0,1938001.0
503,2011,KS,"BEEF, ROAST",BEEF ROAST ROUND FRZ CTN-38-42 LB,80000.0,269600.0
504,2011,KS,"BEEF, FRESH",BEEF FRESH BNLS COMBO-20/2000 LB,2640000.0,6042076.0
505,2011,KS,"BEEF, FRESH",BEEF FRESH BNLS COMBO-20/2000 LB,5000000.0,9999944.0
506,2011,KY,PEANUT PRODUCTS,PNUT BUTTR SMTH,2628485.0,2386686.0
507,2011,KY,PEANUT PRODUCTS,PEANUT BUTTER SMOOTH DRUM-500 LB ,1000000.0,1588600.0
508,2011,KY,PEANUT PRODUCTS,PEANUT BUTTER SMOOTH JAR-12/18 OZ ,622080.0,997392.55
509,2011,KY,"CEREAL, PROCESSED",PANCAKES WW FZN,158759.0,120883.65
510,2011,KY,"CEREAL, PROCESSED",WHOLE WHEAT PANCAKES FZN-144 COUNT ,635040.0,462036.96
511,2011,KY,"CHICKEN, FROZEN",CHICKEN CUT-UP FRZ CTN-40 LB,560000.0,434364.0
512,2011,KY,"CHICKEN, FROZEN",CHICKEN LEG QTR FRZ BAG-4/10 LB,3420000.0,1999096.4
513,2011,KY,"CHICKEN, FROZEN",CHICKEN THIGH/DRUMSTICK FRZ PKG-8/5 LB,4674000.0,3346033.01
514,2011,KY,"PORK, FROZEN",PORK ROAST LEG FRZ CTN-32-40 LB,160000.0,222776.0
515,2011,LA,"VEGETABLE, CANNED",SWEET POTATOES W/ SYRUP CAN-6/10,295488.0,173717.76
516,2011,LA,"VEGETABLE, CANNED",SWEET POTATOES W/ SYRUP CAN-6/10,36936.0,17173.0
517,2011,LA,"VEGETABLE, CANNED",SWEET POTATOES MASHED CAN-6/10,149568.0,81312.0
518,2011,LA,"VEGETABLE, CANNED",SWEET POTATOES W/ SYRUP CAN-24/300,206550.0,117077.0
519,2011,MA,"VEG OIL PROD, KOSHER",K OIL VEGETABLE BTL-8/48 OZ ,152460.0,116906.35
520,2011,MA,VEG OIL PROD DOM,OIL SOYBEAN LOW SAT FAT BTL-6/1 GAL ,36960.0,33785.14
521,2011,MA,VEG OIL PROD DOM,OIL-VEGETABLE,2550240.0,1658014.49
522,2011,MA,VEG OIL PROD DOM,OIL VEGETABLE BTL-6/1 GAL ,739200.0,597964.72
523,2011,MA,VEG OIL PROD DOM,OIL VEGETABLE BTL-8/48 OZ ,30492.0,24265.53
524,2011,MA,VEG OIL PROD DOM,OIL-VEGETABLE,336000.0,193156.8
525,2011,MA,VEG OIL PROD DOM,OIL VEGETABLE-BULK ,624000.0,419452.8
526,2011,MA,"CRACKER PROD, PROC","WHOLE WHEAT TORTILLA 8"" CTN 24/12 1.5 ",121500.0,110970.0
527,2011,MA,"FRUIT, FRESH   ",APPLES FRESH 40 LB CTN,35574.0,16170.0
528,2011,MA,"VEGETABLE, FRESH",POTATO BULK FOR PROCESS FRZ,6960000.0,683472.0
529,2011,MD,"VEGETABLE, CANNED",CORN CREAM STYLE CAN-24/300,109350.0,57591.0
530,2011,MD,"VEGETABLE, CANNED",CORN WHOLE KERNEL CAN-24/300,981036.0,507516.3
531,2011,MD,"VEGETABLE, CANNED",SOUP CRM OF CHICKEN RDU SOD CTN-12/22 OZ,103950.0,102375.0
532,2011,MD,"VEGETABLE, CANNED",SOUP CRM OF MUSHRM RDU SOD CTN-12/22 OZ,103950.0,97650.0
533,2011,MD,"VEGETABLE, CANNED",CORN WHOLE KERNEL CAN-24/300,16992945.0,6982485.0
534,2011,MD,"VEGETABLE, CANNED",CORN CREAM STYLE CAN-24/300,3389850.0,1552592.0
535,2011,ME,"VEGETABLE, FRESH",POTATO BULK FOR PROCESS FRZ,25520000.0,2477992.0
536,2011,ME,"VEGETABLE, FRESH",POTATO BULK FOR PROCESS FRZ,640000.0,62400.0
537,2011,ME,"FRUIT, FRESH",PEARS BARTLETT FRESH CTN-45 LB,121500.0,72063.0
538,2011,ME,"VEGETABLE, FRESH",POTATOES RUSSET FRESH BAG-10/5 LB,3280000.0,798360.0
539,2011,ME,"VEGETABLE, FROZEN",POTATOES ROUNDS FRZ PKG-6/5 LB,2296800.0,1102604.0
540,2011,ME,"VEGETABLE, FRESH",POTATOES ROUND WHITE FRESH BAG-10/5 LB,560000.0,143480.0
541,2011,MI,"CEREAL, FORTIFIED",CEREAL CORN RICE BISC 1344 PKG-14/12 OZ ,931392.0,1157601.62
542,2011,MI,"CEREAL, FORTIFIED",CERL-FT RTE CRN,740880.0,989637.85
543,2011,MI,"CEREAL, FORTIFIED",CEREAL CORN SQUARES 1344 PKG-14/14 OZ ,559776.0,739398.32
544,2011,MI,"CEREAL, FORTIFIED",CEREAL RICE 1080 PKG-16/12 OZ ,466560.0,648611.65
545,2011,MI,"CEREAL, FORTIFIED",CERL-WT BN FLK,1383457.0,1689827.52
546,2011,MI,"CEREAL, FORTIFIED",CEREAL WT BRAN FLKS 1344 PKG-14/17.3OZ ,1525810.0,1828351.22
547,2011,MI,"CEREAL, INSTANT",CERL-INST RCE E,24960.0,79971.84
548,2011,MI,"CEREAL, PROCESSED",OATS ROLLED TUBE-12/42 OZ ,98280.0,58968.0
549,2011,MI,VEG OIL PROD DOM,OIL-VEGETABLE,192000.0,113697.6
550,2011,MI,VEG OIL PROD DOM,OIL VEGETABLE-BULK ,1920000.0,1311936.0
551,2011,MI,"VEGETABLE, CANNED",BEANS BLACK TURTLE CAN-6/10,34992.0,16839.36
552,2011,MI,"VEGETABLE, CANNED",BEANS BLACK TURTLE CAN-6/10,34992.0,14040.0
553,2011,MI,"VEGETABLE, CANNED",BEANS VEGETARIAN CAN-24/300,1615680.0,768845.9
554,2011,MI,"VEGETABLE, CANNED",BEANS VEGETARIAN CAN-24/300,2019600.0,842847.0
555,2011,MI,"VEGETABLE, CANNED",BEANS SMALL RED CAN-6/10,174960.0,51762.0
556,2011,MI,"VEGETABLE, CANNED",BEANS RED KIDNEY CAN-6/10,34992.0,13988.0
557,2011,MI,"VEGETABLE, CANNED",BEANS PINTO CAN-6/10,209952.0,86469.12
558,2011,MI,"VEGETABLE, CANNED",BEANS BLACKEYE CAN-24/300,355725.0,189704.7
559,2011,MI,"VEGETABLE, CANNED",BEANS BABY LIMA CAN-6/10,104976.0,55728.0
560,2011,MI,"VEGETABLE, CANNED",BEANS BABY LIMA CAN-6/10,853619.0,399516.0
561,2011,MI,"VEGETABLE, CANNED",BEANS LIGHT RED KIDNEY CAN-24/300,177862.5,88975.7
562,2011,MI,"VEGETABLE, CANNED",BEANS LIGHT RED KIDNEY CAN-24/300,1173909.0,495112.0
563,2011,MI,"VEGETABLE, FROZEN",PEAS GREEN FRZ CTN-30 LB,1069200.0,651585.0
564,2011,MI,"VEGETABLE, FROZEN",BEANS GREEN FRZ CTN-30 LB,554400.0,361284.0
565,2011,MI,"VEGETABLE, FROZEN",CARROTS FRZ CTN-30 LB,752400.0,436656.0
566,2011,MI,"VEGETABLE, FROZEN",SWEET POTATOES RANDOM CUT FRZ PKG-6/5 LB,554400.0,390377.0
567,2011,MI,"FRUIT, CANNED",APPLESAUCE CAN-24/300,5503950.0,3767229.0
568,2011,MI,"FRUIT, CANNED",APPLESAUCE CAN-6/10,701784.0,542986.56
569,2011,MI,"FRUIT, JUICE",GRAPE CONCORD JUICE PLST BTL-8/64 FL OZ,5386170.0,3961256.0
570,2011,MI,"FRUIT, JUICE",ORANGE JUICE PLST BTL-8/64 FL OZ,285360.0,191962.0
571,2011,MI,"FRUIT, JUICE",CRANBERRYAPPLE JUICE PLST BTL-8/64 FL OZ,107010.0,59091.25
572,2011,MI,"VEGETABLE, CANNED",CARROTS CAN-24/300,1822500.0,994680.0
573,2011,MI,"VEGETABLE, CANNED",POTATOES WHT SLICES CAN-24/300,3084480.0,1616062.5
574,2011,MI,"VEGETABLE, CANNED",BEANS VEGETARIAN CAN-6/10,454896.0,197328.96
575,2011,MI,"VEGETABLE, CANNED",BEANS VEGETARIAN CAN-6/10,244944.0,83705.0
576,2011,MI,"VEGETABLE, CANNED",BEANS PINTO CAN-6/10,314928.0,126290.88
577,2011,MI,"VEGETABLE, CANNED",BEANS PINTO CAN-6/10,209952.0,76577.0
578,2011,MI,"FRUIT, FRESH",APPLES MCINTOSH FRESH CTN-37 LB,106722.0,52427.76
579,2011,MI,"FRUIT, FRESH",APPLES JONATHAN FRESH CTN-37 LB,35574.0,16142.28
580,2011,MI,"FRUIT, FRESH",APPLES RED DELICIOUS FRESH CTN-40 LB,35574.0,18221.28
581,2011,MI,"FRUIT, FRESH",APPLES ROME BEAUTY FRESH CTN-40 LB,71148.0,28902.72
582,2011,MI,"FRUIT, CANNED",APPLE SLICES CAN-6/10,2062944.0,1211947.68
583,2011,MI,"FRUIT, CANNED",APPLESAUCE CAN-24/300,255150.0,169063.2
584,2011,MI,"FRUIT, CANNED",APPLESAUCE CAN-6/10,5909760.0,2661389.28
585,2011,MI,"FRUIT, CANNED",CHERRIES RED TART PITTED CAN-6/10,563543.04,432269.76
586,2011,MI,"FRUIT, CANNED",K APPLESAUCE CAN-6/10,221616.0,119891.52
587,2011,MI,"FRUIT, FROZEN",APPLE SLICES FRZ CTN-30 LB,2098800.0,797636.4
588,2011,MI,"FRUIT, JUICE",APPLE JUICE PLST BTL-8/64 FL OZ,6598950.0,2591282.0
589,2011,MI,"FRUIT, JUICE",CHERRY APPLE JUICE PLST BTL-8/64 FL OZ,499380.0,267453.25
590,2011,MI,"FRUIT, JUICE",ORANGE JUICE PLST BTL-8/64 FL OZ,18940770.0,11042038.0
591,2011,MI,"FRUIT, JUICE",CRANBERRYAPPLE JUICE PLST BTL-8/64 FL OZ,7526370.0,3498909.25
592,2011,MI,"FRUIT, CANNED",APPLESAUCE CAN-24/300,72900.0,53719.2
593,2011,MI,"FRUIT, FROZEN",APPLE SLICES FRZ CTN-30 LB,1227600.0,537543.6
594,2011,MI,"FRUIT, FRESH",APPLES JONATHAN FRESH CTN-37 LB,35574.0,16022.16
595,2011,MI,"FRUIT, FRESH",APPLES GOLDEN DELICIOUS FRESH CTN-37 LB,71071.0,36911.82
596,2011,MI,"FRUIT, FRESH",APPLES CORTLAND FRESH CTN-37 LB,35574.0,14109.48
597,2011,MI,"FRUIT, FRESH",APPLES RED DELICIOUS FRESH CTN-40 LB,177947.0,79964.94
598,2011,MI,"FRUIT, FRESH",APPLES EMPIRE FRESH CTN-40 LB,142296.0,61981.92
599,2011,MI,"FRUIT, FRESH",APPLES GALA FRESH G CARTON-40 LB,35574.0,17897.88
600,2011,MI,"FRUIT, FRESH",APPLES BRAEBURNN FRESH B CARTON-40 LB,71148.0,41247.36
601,2011,MI,"FRUIT, FRESH",APPLES FOR FURTHER PROCESSING # BULK,435600.0,254232.0
602,2011,MI,"FRUIT, FROZEN",CHERRIES RED TART PITTED FRZ CTN-30 LB,652800.0,537446.4
603,2011,MI,"FRUIT, FROZEN",CHERRIES FRZ IQF CTN-40 LB,307200.0,263260.8
604,2011,MI,"VEGETABLE, CANNED",BEANS GREEN CAN-24/300,387585.0,193347.0
605,2011,MI,"VEGETABLE, CANNED",PUMPKIN CAN-24/300,364500.0,413618.4
606,2011,MI,"VEGETABLE, CANNED",BEANS VEGETARIAN CAN-24/300,881280.0,383219.1
607,2011,MI,"VEGETABLE, CANNED",BEANS VEGETARIAN CAN-6/10,314928.0,137289.6
608,2011,MI,"VEGETABLE, CANNED",BEANS BLACKEYE CAN-6/10,174960.0,80749.44
609,2011,MI,"VEGETABLE, CANNED",BEANS RED KIDNEY CAN-6/10,34992.0,15880.32
610,2011,MI,"VEGETABLE, CANNED",BEANS LIGHT RED KIDNEY CAN-24/300,604732.5,270810.0
611,2011,MI,"VEGETABLE, CANNED",K BEANS GREEN CAN-6/10,103968.0,63092.16
612,2011,MI,"VEGETABLE, CANNED",BEANS VEGETARIAN CAN-24/300,146880.0,64091.7
613,2011,MI,"FRUIT, JUICE",APPLE JUICE PLST BTL-8/64 FL OZ,606390.0,207931.5
614,2011,MI,"FRUIT, JUICE",CRANBERRYAPPLE JUICE PLST BTL-8/64 FL OZ,392370.0,161458.0
615,2011,MI,"VEGETABLE, CANNED",BEANS PINTO CAN-6/10,104976.0,42914.88
616,2011,MI,"FRUIT, JUICE",APPLE JUICE PLST BTL-8/64 FL OZ,71340.0,27675.0
617,2011,MI,"FRUIT, JUICE",GRAPE CONCORD JUICE PLST BTL-8/64 FL OZ,1070100.0,780250.5
618,2011,MI,"FRUIT, JUICE",APPLE JUICE PLST BTL-8/64 FL OZ,142680.0,76403.5
619,2011,MI,"FRUIT, JUICE",ORANGE JUICE PLST BTL-8/64 FL OZ,963090.0,550794.0
620,2011,MI,"FRUIT, JUICE",CRANBERRYAPPLE JUICE PLST BTL-8/64 FL OZ,321030.0,199864.75
621,2011,MI,"FRUIT, FROZEN",PEACH FREESTONE DICED FRZ CUP-96/4.4 OZ,443520.0,428386.0
622,2011,MI,"VEGETABLE, CANNED",BEANS GREEN CAN-6/10,69312.0,28510.0
623,2011,MI,"VEGETABLE, CANNED",CARROTS CAN-24/300,72900.0,36540.0
624,2011,MI,"VEGETABLE, CANNED",POTATOES WHT SLICES CAN-24/300,36720.0,15989.0
625,2011,MI,"FRUIT, JUICE",GRAPE CONCORD JUICE PLST BTL-8/64 FL OZ,7134000.0,4966903.0
626,2011,MI,"FRUIT, JUICE",ORANGE JUICE PLST BTL-8/64 FL OZ,8025750.0,3779875.0
627,2011,MI,"FRUIT, JUICE",CRANBERRYAPPLE JUICE PLST BTL-8/64 FL OZ,1890510.0,964786.0
628,2011,MI,"FRUIT, JUICE ",APPLE JUICE PLST BTL-8/64 FL OZ,6295737.0,2636450.0
629,2011,MI,"FRUIT, DRIED  ",CHERRIES DRIED PKG-8/2 LB,177408.0,664115.0
630,2011,MI,"FRUIT, FRESH   ",APPLES FRESH SLC-100/2 OZ,594000.0,826848.0
631,2011,MI,"FRUIT, FRESH   ",APPLES FRESH SLC-200/2 OZ,218400.0,295276.0
632,2011,MI,"FRUIT, FRESH   ",APPLES FRESH 37 LB CTN,106722.0,44869.0
633,2011,MI,"FRUIT, FRESH   ",APPLES FRESH 40 LB CTN,71148.0,28755.0
634,2011,MI,"FRUIT, FRESH   ",APPLES FRESH B 40 LB CARTON,142296.0,60171.0
635,2011,MI,"FRUIT, FRESH   ",APPLES FRESH G 40 LB CARTON,71148.0,31786.0
636,2011,MI,"FRUIT, CANNED  ",APPLE SLICES CAN-6/10,1493856.0,682013.0
637,2011,MI,"FRUIT, FROZEN  ",APPLE SLICES FRZ CTN-30 LB,1504800.0,627224.0
638,2011,MI,"FRUIT, CANNED  ",APPLESAUCE CAN-6/10,1772928.0,757741.0
639,2011,MI,"FRUIT, CANNED  ",APPLESAUCE CAN-24/300,12465900.0,7857604.0
640,2011,MI,"FRUIT, CANNED  ",CHERRIES RED TART PITTED CAN-6/10,176130.0,128037.0
641,2011,MI,"FRUIT, FROZEN  ",CHERRIES FRZ IQF CTN-40 LB,345600.0,261918.0
642,2011,MI,"FRUIT, FROZEN  ",CHERRIES RED TART PITTED FRZ CTN-30 LB,230400.0,159373.0
643,2011,MN,"CHEESE, PROCESSED",CHEESE BLEND,4395600.0,7072981.05
644,2011,MN,"CHEESE, PROCESSED",CHEESE BLEND AMER SKM LVS-12/2 LB ,356400.0,774449.28
645,2011,MN,"CHEESE, PROCESSED",CHEESE BLEND AMER SKM WHT SLC LVS-6/5 LB ,118800.0,223276.68
646,2011,MN,"CHEESE, PROCESSED",CHEESE BLEND AMER SKM YEL SLC LVS-6/5 LB ,1504800.0,3067182.36
647,2011,MN,"CHEESE, NATURAL AMER",CHEESE CHED YEL BLOCK-40 LB ,361335.0,751399.52
648,2011,MN,"CHEESE, NATURAL AMER",CHEESE-NTL AM,2760000.0,4972348.0
649,2011,MN,"CHEESE, NATURAL AMER",CHEESE NATURAL AMER FBD BARREL-500 LB ,8280000.0,17457376.0
650,2011,MN,"CHEESE, PROCESSED",CHEESE PROCESS WHT SLC LVS-6/5 LB ,712800.0,1499398.56
651,2011,MN,"CHEESE, PROCESSED",CH PROC SLC YEL,198000.0,315350.63
652,2011,MN,"CHEESE, PROCESSED",CHEESE PROCESS YEL SLC LVS-6/5 LB ,3088800.0,6349298.89
653,2011,MN,N/A (CHES PROC KOSH),KSHR PROC SLC W,158400.0,340314.48
654,2011,MN,N/A (CHES PROC KOSH),K CHEESE PROCESS WHT SLC LVS-6/5 LB ,158400.0,377728.56
655,2011,MN,"PASTA, OTHER",PASTA-SPAGHETTI,2484800.0,1019642.31
656,2011,MN,"PASTA, OTHER",PASTA SPAGHETTI CTN-20 LB ,200000.0,118088.0
657,2011,MN,"PASTA, OTHER",PASTA SPAGHETTI PKG-12/2 LB ,4651200.0,2699307.6
658,2011,MN,"CRACKER PROD, PROC","WWTORTILLA 8""FZ",1944000.0,1111919.42
659,2011,MN,"CRACKER PROD, PROC","WHOLE WHEAT TORTILLA 8"" CTN 24/12 1.5 ",81000.0,53662.5
660,2011,MN,"CRACKER PROD, PROC","WHOLE WHEAT TORTILLA 8"" CTN-12/24 1.5 ",1701000.0,1089899.6
661,2011,MN,"BEANS, DRY",BEANS GREAT NORTHERN DRY PKG-12/2 LB,524160.0,318847.6
662,2011,MN,"BEANS, DRY",BEANS PINTO DRY PKG-12/2 LB,3749760.0,2090096.0
663,2011,MN,"BEANS, DRY",BEANS LIGHT RED KIDNEY DRY PKG-12/2 LB,403200.0,314277.6
664,2011,MN,"BEANS, DRY",BEANS GREAT NORTHERN DRY PKG-12/2 LB,524160.0,222404.0
665,2011,MN,"BEANS, DRY",BEANS PINTO DRY BAG-25 LB,240000.0,68080.0
666,2011,MN,"BEANS, DRY",LENTILS DRY PKG 12/2 LB,161280.0,83985.0
667,2011,MN,"VEGETABLE, FROZEN",BEANS GREEN FRZ CTN-30 LB,1267200.0,871015.2
668,2011,MN,"VEGETABLE, FROZEN",CORN COB FRZ CSE-96,237600.0,70949.0
669,2011,MN,"VEGETABLE, CANNED",CORN WHOLE KERNEL CAN-24/300,1156221.0,670996.8
670,2011,MN,"VEGETABLE, CANNED",PEAS CAN-24/300,328050.0,182817.0
671,2011,MN,"VEGETABLE, CANNED",K PEAS CAN-6/10,72048.0,43557.12
672,2011,MN,"VEGETABLE, CANNED",CARROTS CAN-24/300,1458000.0,812559.6
673,2011,MN,"VEGETABLE, CANNED",CORN WHOLE KERNEL CAN-24/300,1331406.0,737934.3
674,2011,MN,"VEGETABLE, CANNED",PEAS CAN-24/300,400950.0,224029.8
675,2011,MN,"PORK, FROZEN",PORK ROAST LEG FRZ CTN-32-40 LB,2168800.0,3610169.96
676,2011,MN,"PORK, FROZEN",PORK ROAST LEG FRZ CTN-32-40 LB,2250000.0,3208319.0
677,2011,MN,"PORK, FROZEN",PORK PICNIC BNLS FRZ CTN-60 LB,1221420.0,1709071.53
678,2011,MN,"PORK, FROZEN",PORK PICNIC BNLS FRZ CTN-60 LB,1560780.0,1825454.0
679,2011,MN,"PORK, FROZEN",PORK BNLS LEG ROASTS - BULK CTN-60 LB,294000.0,473604.6
680,2011,MN,"BEEF, CANNED",BEEF CAN-24/24 OZ,3276000.0,10484355.59
681,2011,MN,"BEEF, CANNED",BEEF CAN-24/24 OZ,3024000.0,9075173.0
682,2011,MN,"PORK, CANNED",PORK CAN-24/24 OZ,2124000.0,4809674.0
683,2011,MN,"PORK, CANNED",PORK CAN-24/24 OZ,1980000.0,4876207.21
684,2011,MN,"TURKEY, FROZEN",TURKEY CONSUMER PACK WHOLE CTN-30-60 LB,345420.0,403005.36
685,2011,MN,"TURKEY, FROZEN",TURKEY ROASTS FRZ CTN-32-48 LB,1818000.0,3964565.12
686,2011,MN,"TURKEY, FROZEN",TURKEY ROASTS FRZ CTN-32-48 LB,1400000.0,3035200.0
687,2011,MN,"TURKEY, COOKED",TURKEY HAMS SMKD FRZ CTN-40 LB,1010000.0,1858198.0
688,2011,MN,"TURKEY, COOKED",TURKEY HAMS SMKD FRZ CTN-40 LB,2040000.0,3490480.0
689,2011,MN,"TURKEY, COOKED",TURKEY BREAST DELI FRZ CTN-40 LB,720000.0,1636840.0
690,2011,MN,"TURKEY, COOKED",TURKEY BREAST SMKD DELI FRZ CTN-40 LB,240000.0,539868.0
691,2011,MN,"TURKEY, BULK",TURKEY CHILLED -BULK,2700000.0,2405801.0
692,2011,MN,"TURKEY, BULK",TURKEY CHILLED -BULK,15444000.0,15877548.01
693,2011,MN,"TURKEY, BULK",TURKEY THIGHS BNLS SKNLS CHILLED-BULK,1512000.0,1989338.4
694,2011,MN,"TURKEY, BULK",TURKEY THIGHS BNLS SKNLS CHILLED-BULK,288000.0,366450.0
695,2011,MN,"VEGETABLE, CANNED",CORN WHOLE KERNEL(LIQ) CAN-6/10,2827656.0,1096628.0
696,2011,MN,"VEGETABLE, CANNED",CORN WHOLE KERNEL CAN-24/300,26032490.0,11758875.0
697,2011,MN,"VEGETABLE, CANNED",CORN CREAM STYLE CAN-24/300,2223450.0,1107053.0
698,2011,MN,"VEGETABLE, CANNED",PEAS CAN-6/10,207138.0,89832.0
699,2011,MN,"VEGETABLE, CANNED",PEAS CAN-24/300,2587950.0,1144146.0
700,2011,MO,CORN PRODUCTS,CORNMEAL-DEG YL,514080.0,109858.91
701,2011,MO,CORN PRODUCTS,CORNMEAL DEGERMED YELLOW BAG-8/5 LB ,257040.0,64388.52
702,2011,MO,"PASTA, OTHER",PSTA PROD-EGNDL,576000.0,445821.7
703,2011,MO,"PASTA, OTHER",EGGNOODLE 1/2 INCH WIDE PKG-12/1 LB ,622080.0,490553.87
704,2011,MO,"PASTA, MACARONI",PASTA-MAC PLN E,3303200.0,1790363.67
705,2011,MO,"PASTA, MACARONI",PASTA MACARONI PLAIN ELBOW CTN-20 LB ,240000.0,126272.0
706,2011,MO,"PASTA, MACARONI",PASTA MACARONI PLAIN ELBOW PKG-24/1 LB ,2325600.0,1337121.36
707,2011,MO,"PASTA, MACARONI",PASTA-ROTINI,196000.0,91585.2
708,2011,MO,"PASTA, MACARONI",PASTA ROTINI MACARONI CTN-20 LB ,112000.0,63210.0
709,2011,MO,"PASTA, OTHER",PASTA-SPAGHETTI,5872800.0,3047577.65
710,2011,MO,"PASTA, OTHER",PASTA SPAGHETTI CTN-20 LB ,40000.0,21640.0
711,2011,MO,"PASTA, OTHER",PASTA SPAGHETTI PKG-12/2 LB ,3019200.0,1699887.13
712,2011,MO,"PASTA, MACARONI",WHOLE GRAIN MAC,440000.0,226864.0
713,2011,MO,"PASTA, MACARONI",WHOLE GRAIN PASTA MACARONI CTN-20 LB ,520000.0,266000.0
714,2011,MO,"PASTA, MACARONI",WHLGRAIN ROTNMA,938000.0,540036.8
715,2011,MO,"PASTA, MACARONI",WHOLE GRAIN PASTA ROTINI MAC CTN-20 LB ,616000.0,344363.6
716,2011,MO,"PASTA, MACARONI",WHOLE GRAIN PASTA ROTINI MAC PKG-20/1 LB ,442000.0,273353.0
717,2011,MO,"PASTA, OTHER",WHLGRAIN SPAGHT,320000.0,170600.0
718,2011,MO,"PASTA, OTHER",WHOLE GRAIN SPAGHETTI CTN-20 LB ,80000.0,41640.0
719,2011,MO,"BEANS, DRY",BEANS PINTO DRY PKG-12/2 LB,2419200.0,1285821.6
720,2011,MO,"BEANS, DRY",BEANS LIGHT RED KIDNEY DRY PKG-12/2 LB,40320.0,32558.4
721,2011,MO,"BEANS, DRY",LENTILS DRY PKG 12/2 LB,564480.0,304567.2
722,2011,MO,"BEANS, DRY",LENTILS DRY PKG 12/2 LB,322560.0,168000.0
723,2011,MO,"TURKEY, FROZEN",TURKEY ROASTS FRZ CTN-32-48 LB,2949200.0,6173499.76
724,2011,MO,"TURKEY, FROZEN",TURKEY ROASTS FRZ CTN-32-48 LB,2000000.0,4241599.0
725,2011,MO,"CHICKEN, FROZEN",CHICKEN CUT-UP FRZ CTN-40 LB,360000.0,290140.4
726,2011,MO,"CHICKEN, FROZEN",CHICKEN CUT-UP FRZ CTN-40 LB,1480000.0,1117124.0
727,2011,MO,SHELL EGG,EGGS 15 DOZEN,33750.0,25770.0
728,2011,MO,SHELL EGG,EGGS 15 DOZEN,67500.0,47955.0
729,2011,MS,"FISH, FROZEN",CATFISH STRIPS BRD OVN RDY PKG-4/10 LB,1160000.0,4855200.0
730,2011,MS,"FISH, FROZEN",CATFISH STRIPS BRD OVN RDY PKG-4/10 LB,840000.0,4417600.0
731,2011,MS,"CHICKEN, CANNED",CHICKEN BONED CAN-48/12.5 OZ,2175000.0,4783875.01
732,2011,MS,"CHICKEN, CANNED",CHICKEN BONED CAN-48/12.5 OZ,2737500.0,5971128.0
733,2011,MS,"CHICKEN, CANNED",CHICKEN BONED CAN-12/50 OZ,1012500.0,2272125.0
734,2011,MS,"CHICKEN, COOKED",CHICKEN DICED CTN-40 LB,480000.0,1062800.0
735,2011,MS,"CHICKEN, COOKED",CHICKEN DICED CTN-40 LB,1640000.0,3885200.0
736,2011,MS,"CHICKEN, FROZEN",CHICKEN LEG QTR FRZ BAG-4/10 LB,2242000.0,1425000.0
737,2011,MS,"CHICKEN, BULK",CHICKEN LEGS CHILLED -BULK,720000.0,438516.0
738,2011,MS,"CHICKEN, BULK",CHICKEN LARGE CHILLED -BULK,216000.0,157356.0
739,2011,MS,"CHICKEN, BULK",CHICKEN LARGE CHILLED -BULK,2181600.0,1555553.6
740,2011,MS,"FRUIT, FRESH",PEARS BOSC FRESH CTN-45 LB,40500.0,17955.0
741,2011,MT,"PASTA, OTHER",PSTA PROD-EGNDL,645120.0,480821.78
742,2011,MT,"PASTA, MACARONI",PASTA-MAC PLN E,693600.0,360774.0
743,2011,NC,"FLOUR, BAKERY MIX",BKR FLR MIX LFT,388800.0,321253.8
744,2011,NC,"FLOUR, BAKERY MIX",BAKERY FLOUR MIX LOWFAT BAG-6/5 LB ,1866240.0,1578699.15
745,2011,NC,"FLOUR, WHEAT",FLOUR ALL PURP ENRCH BLCH BAG-50 LB ,86400.0,25168.32
746,2011,NC,"FLOUR, BAKERY",FLR-BKR HD W BL,270000.0,94392.0
747,2011,NC,"FLOUR, BAKERY",FLOUR BAKER HARD WHT BLCH-BULK ,270000.0,87390.0
748,2011,NC,"FLOUR, BAKERY",FLR-BKR HD UNBL,180000.0,57285.0
749,2011,NC,"FLOUR, BAKERY",FLOUR BAKER HARD WHT UNBLCH-BULK ,405000.0,127251.0
750,2011,NC,"FLOUR, BAKERY",FLR-BKR HRTH BL,172800.0,71340.48
751,2011,NC,"FLOUR, BAKERY",FLR-BKR HRTH BL,360000.0,142699.5
752,2011,NC,"FLOUR, BAKERY",FLOUR BAKER HEARTH BLCH BAG-100 LB ,216000.0,88793.28
753,2011,NC,"FLOUR, BAKERY",FLR-BK HTH UNBL,180000.0,71478.0
754,2011,NC,"FLOUR, BAKERY",FLOUR BAKER HEARTH UNBLCH-BULK ,135000.0,52209.01
755,2011,NC,"FLOUR, BAKERY",FLR-BKR SF UNBL,180000.0,48285.0
756,2011,NC,"FLOUR, BAKERY",FLOUR BAKER SOFT UNBLCH-BULK ,405000.0,113013.0
757,2011,NC,"MILK, INSTANT",INST NONFAT MLK,1263360.0,2943585.78
758,2011,NC,"MILK, INSTANT",MILK INSTANT NDM PKG-12/25.6 OZ ,1854720.0,4250561.2
759,2011,NC,PEANUT PRODUCTS,PNUT BUTTR SMTH,6120646.0,5459520.45
760,2011,NC,PEANUT PRODUCTS,PEANUT BUTTER SMOOTH DRUM-500 LB ,520000.0,732800.0
761,2011,NC,PEANUT PRODUCTS,PEANUT BUTTER SMOOTH JAR-12/18 OZ ,894240.0,1474174.1
762,2011,NC,PEANUT PRODUCTS,PEANUT BUTTER SMOOTH JAR-6/5 LB ,332640.0,524905.92
763,2011,NC,PEANUT PRODUCTS,PNUT-RSTD REG,259200.0,349790.4
764,2011,NC,"RICE, GRAIN",RICE-MLD US#2 L,294000.0,112131.6
765,2011,NC,"RICE, GRAIN",RICE US#2 LONG GRAIN PKG-24/2 LB ,1764000.0,718410.04
766,2011,NC,"RICE, GRAIN",RICE US#2 LONG GRAIN PKG-30/2 LB ,546000.0,225489.6
767,2011,NC,"RICE, GRAIN",RICE-MLD US#2 S,84000.0,54553.8
768,2011,NC,"RICE, GRAIN",RICE US#2 SHORT GRAIN PKG-24/2 LB ,84000.0,50122.8
769,2011,NC,"VEGETABLE, CANNED",SWEET POTATOES W/ SYRUP CAN-6/10,1071144.0,618399.84
770,2011,NC,"VEGETABLE, CANNED",SWEET POTATOES W/ SYRUP CAN-24/300,757350.0,539631.0
771,2011,NC,"VEGETABLE, CANNED",BEANS VEGETARIAN CAN-24/300,257040.0,133523.1
772,2011,NC,"VEGETABLE, CANNED",BEANS LIGHT RED KIDNEY CAN-24/300,249007.5,126010.8
773,2011,NC,"VEGETABLE, CANNED",BEANS BLACKEYE CAN-24/300,249011.0,120180.0
774,2011,NC,"VEGETABLE, CANNED",SWEET POTATOES W/ SYRUP CAN-24/300,447525.0,284886.0
775,2011,NC,"VEGETABLE, FROZEN",SWEET POTATOES RANDOM CUT FRZ PKG-6/5 LB,237600.0,171402.0
776,2011,NC,"CHICKEN, FROZEN",CHICKEN LEG QTRS TRAY FRZ PKG-9/4.5 LB,2463040.0,1559758.09
777,2011,NC,"TURKEY, COOKED",TURKEY BREAST DELI FRZ CTN-40 LB,3030345.42,9048375.63
778,2011,NC,"TURKEY, COOKED",TURKEY BREAST DELI FRZ CTN-40 LB,80000.0,185664.0
779,2011,NC,"TURKEY, COOKED",TURKEY BREAST SMKD DELI FRZ CTN-40 LB,363600.0,1012149.29
780,2011,NC,"TURKEY, COOKED",TURKEY HAMS SMKD FRZ CTN-40 LB,1535562.59,2793965.28
781,2011,NC,"TURKEY, COOKED",TURKEY HAMS SMKD FRZ CTN-40 LB,920000.0,1596843.0
782,2011,NC,"TURKEY, BULK",TURKEY CHILLED -BULK,831240.0,844183.16
783,2011,NC,"TURKEY, BULK",TURKEY CHILLED -BULK,720000.0,695164.0
784,2011,NC,"TURKEY, BULK",TURKEY THIGHS BNLS SKNLS CHILLED-BULK,181800.0,252876.53
785,2011,NC,"TURKEY, FROZEN",TURKEY ROASTS FRZ CTN-32-48 LB,1200000.0,2398920.0
786,2011,NC,"CHICKEN, BULK",CHICKEN LEGS CHILLED -BULK,2304000.0,1361670.0
787,2011,NC,"CHICKEN, FROZEN",CHICKEN CUT-UP FRZ CTN-40 LB,40000.0,31600.0
788,2011,NC,"CHICKEN, FROZEN",CHICKEN CUT-UP FRZ CTN-40 LB,400000.0,305040.0
789,2011,NC,"CHICKEN, FROZEN",CHICKEN LEG QTR CTN-40 LB,240000.0,156800.0
790,2011,NC,"CHICKEN, FROZEN",CHICKEN WHOLE BAGGED FRZ CTN-36-43 LB,2319768.0,1756896.23
791,2011,NC,"CHICKEN, FROZEN",CHICKEN WHOLE BAGGED FRZ CTN-36-43 LB,79200.0,61456.0
792,2011,NC,"CHICKEN, FROZEN",CHICKEN WHOLE BAGGED FRZ PKG-12/4 LB,760320.0,498693.91
793,2011,NC,"CHICKEN, COOKED",CHICKEN FAJITA STRIPS CTN-30 LB,1248000.0,2361455.0
794,2011,NC,"CHICKEN, BULK",CHICKEN LARGE CHILLED -BULK,799920.0,575586.16
795,2011,NC,"CHICKEN, BULK",CHICKEN LARGE CHILLED -BULK,648000.0,472320.0
796,2011,NC,"CHICKEN, BULK",CHICKEN LEGS CHILLED -BULK,581760.0,418576.32
797,2011,NC,"CHICKEN, BULK",CHICKEN LEGS CHILLED -BULK,1728000.0,999741.6
798,2011,NC,SHELL EGG,EGGS 15 DOZEN,101250.0,68670.0
799,2011,NC,"VEGETABLE, CANNED",BEANS GREEN CAN-6/10,951292.0,379351.0
800,2011,NC,"VEGETABLE, CANNED",SWEET POTATOES W/ SYRUP CAN-6/10,480168.0,219928.0
801,2011,NC,"VEGETABLE, CANNED",SWEET POTATOES MASHED CAN-6/10,37392.0,20328.0
802,2011,NC,"VEGETABLE, CANNED",SWEET POTATOES W/ SYRUP CAN-24/300,757350.0,431905.0
803,2011,ND,SEED BUTTER,SUNFL-SD-BTTR,221760.0,348791.52
804,2011,ND,SEED BUTTER,SUNFLOWER SEED BUTTER 6-5#'S ,258720.0,420863.52
805,2011,ND,SEED BUTTER,SUNFLOWER SEED BUTTER BARREL-520 LB ,43680.0,72377.76
806,2011,ND,"PASTA, MACARONI",WHOLE GRAIN MAC,120000.0,53688.0
807,2011,ND,"PASTA, MACARONI",WHOLE GRAIN PASTA MACARONI CTN-20 LB ,80000.0,43808.0
808,2011,ND,"PASTA, MACARONI",WHLGRAIN ROTNMA,1046000.0,530286.8
809,2011,ND,"PASTA, MACARONI",WHOLE GRAIN PASTA ROTINI MAC CTN-20 LB ,224000.0,129925.6
810,2011,ND,"PASTA, MACARONI",WHOLE GRAIN PASTA ROTINI MAC PKG-20/1 LB ,782000.0,480542.4
811,2011,ND,"PASTA, OTHER",WHLGRAIN SPAGHT,720000.0,309392.0
812,2011,ND,"PASTA, OTHER",WHOLE GRAIN SPAGHETTI CTN-20 LB ,1280000.0,665996.0
813,2011,ND,"VEGETABLE, FRESH",POTATO BULK FOR PROCESS FRZ,1120000.0,100576.0
814,2011,ND,"VEGETABLE, FRESH",POTATO BULK FOR PROCESS FRZ,4200000.0,430740.0
815,2011,ND,"VEGETABLE, FROZEN",POTATOES ROUNDS FRZ PKG-6/5 LB,2656860.0,1233596.0
816,2011,ND,"VEGETABLE, FROZEN",POTATOES OVENS FRY PKG-6/5 LB,831600.0,357324.0
817,2011,NE,CORN PRODUCTS,CORN YELLOW TOTE-2700 LB ,229500.0,41690.97
818,2011,NE,"FLOUR, WHEAT",FLR-AP ENR BL,471240.0,132191.4
819,2011,NE,"FLOUR, WHEAT",FLOUR ALL PURP ENRCH BLCH BAG-8/5 LB ,1842120.0,530273.54
820,2011,NE,"FLOUR, WHEAT",FLOUR ALL PURP ENRCH UNBLCH BAG-4/10 LB ,257040.0,72596.66
821,2011,NE,"FLOUR, WHEAT",FLOUR BREAD ENRCH BLCH-BAG 4/10 LB ,471240.0,151370.86
822,2011,NE,CORN PRODUCTS,GRITS CORN WHITE BAG-8/5 LB ,342720.0,115372.4
823,2011,NE,CORN PRODUCTS,GRITS-FINE YEL,214200.0,56099.0
824,2011,NE,CORN PRODUCTS,GRITS FINE YELLOW BAG-8/5 LB ,171360.0,52915.97
825,2011,NE,VEG OIL PROD DOM,OIL-VEGETABLE,480000.0,300907.2
826,2011,NE,"BEANS, DRY",BEANS PINTO DRY PKG-12/2 LB,161280.0,76490.4
827,2011,NE,"BEANS, DRY",BEANS LIGHT RED KIDNEY DRY PKG-12/2 LB,524160.0,330220.8
828,2011,NE,"BEANS, DRY",BEANS GREAT NORTHERN DRY PKG-12/2 LB,604800.0,372388.8
829,2011,NE,"BEANS, DRY",BEANS PINTO DRY PKG-12/2 LB,483840.0,238106.4
830,2011,NE,"BEANS, DRY",BEANS PINTO DRY PKG-12/2 LB,1895040.0,794680.0
831,2011,NE,"BEANS, DRY",BEANS LIGHT RED KIDNEY DRY PKG-12/2 LB,40320.0,26880.0
832,2011,NE,"BEANS, DRY",BEANS BABY LIMA DRY PKG-12/2 LB,685440.0,500599.35
833,2011,NE,"BEANS, DRY",BEANS BABY LIMA DRY PKG-12/2 LB,40320.0,24021.0
834,2011,NE,"BEANS, DRY",BEANS GREAT NORTHERN DRY PKG-12/2 LB,927360.0,594680.86
835,2011,NE,"BEANS, DRY",BEANS GREAT NORTHERN DRY PKG-12/2 LB,645120.0,293361.0
836,2011,NE,"BEANS, DRY",BEANS PINTO DRY PKG-12/2 LB,80640.0,49618.47
837,2011,NE,"BEANS, DRY",BEANS LIGHT RED KIDNEY DRY PKG-12/2 LB,80640.0,57622.31
838,2011,NE,"BEANS, DRY",BEANS LIGHT RED KIDNEY DRY PKG-12/2 LB,806400.0,427274.0
839,2011,NE,"BEANS, DRY",BEANS PINTO DRY BAG-25 LB,160000.0,88000.0
840,2011,NE,"PORK, FROZEN",PORK PICNIC BNLS FRZ CTN-60 LB,1000500.0,1370344.83
841,2011,NE,"PORK, FROZEN",PORK PICNIC BNLS FRZ CTN-60 LB,1280640.0,1514143.0
842,2011,NE,"PORK, FROZEN",PORK ROAST LEG FRZ CTN-32-40 LB,40000.0,60000.0
843,2011,NE,"BEEF, FRESH",BEEF FRESH BNLS COMBO-20/2000 LB,4800000.0,9112560.0
844,2011,NE,"BEEF, ROAST",BEEF ROAST ROUND FRZ CTN-38-42 LB,720000.0,2373540.0
845,2011,NE,"BEEF, ROAST",BEEF ROAST ROUND FRZ CTN-38-42 LB,400000.0,1605680.0
846,2011,NE,EGG PRODUCTS,EGGS WHOLE LIQ BULK -TANK,1248000.0,548732.0
847,2011,NE,EGG PRODUCTS,EGGS WHOLE LIQ BULK -TANK,1599840.0,1105751.31
848,2011,NJ,"PASTA, OTHER",PSTA PROD-EGNDL,23040.0,18657.79
849,2011,NJ,"PASTA, OTHER",EGGNOODLE 1/2 INCH WIDE PKG-12/1 LB ,460800.0,372367.85
850,2011,NJ,"PASTA, MACARONI",PASTA-MAC PLN E,408000.0,238737.12
851,2011,NJ,"PASTA, MACARONI",PASTA MACARONI PLAIN ELBOW CTN-20 LB ,120000.0,68948.0
852,2011,NJ,"PASTA, MACARONI",PASTA MACARONI PLAIN ELBOW PKG-24/1 LB ,285600.0,182400.48
853,2011,NJ,"PASTA, MACARONI",WHOLE GRAIN PASTA ROTINI MAC CTN-20 LB ,56000.0,33518.8
854,2011,NJ,"FRUIT, CANNED",CRANBERRY SAUCE CAN-24/300,183600.0,93085.2
855,2011,NJ,"FRUIT, CANNED",CRANBERRY SAUCE CAN-6/10,622080.0,237263.04
856,2011,NJ,"FRUIT, JUICE",ORANGE JUICE PLST BTL-8/64 FL OZ,142680.0,75522.0
857,2011,NJ,"VEGETABLE, CANNED",SOUP VEGETABLE CAN-24/1,815925.0,686268.0
858,2011,NJ,"VEGETABLE, CANNED",SOUP TOMATO CAN-24/1,1809225.0,1253472.0
859,2011,NJ,"VEGETABLE, CANNED",SOUP VEGETABLE CAN-24/1,1383525.0,1155523.0
860,2011,NJ,"VEGETABLE, CANNED",SOUP TOMATO CAN-24/1,674025.0,471020.0
861,2011,NJ,"VEGETABLE, JUICE",TOMATO JUICE PLST BTL-8/64 FL OZ,35670.0,12392.0
862,2011,NJ,"FRUIT, JUICE",ORANGE JUICE PLST BTL-8/64 FL OZ,2425560.0,1009982.0
863,2011,NJ,"FRUIT, JUICE",GRAPEFRUIT JUCE PLST BTL-8/64 FL OZ,21794370.0,7289546.0
864,2011,NJ,FRUIT JUICE FRZ,ORANGE JUICE SINGLE CTN-70/4 OZ,2444160.0,1072844.0
865,2011,NJ,FRUIT JUICE FRZ,K ORANGE JUICE CONC FRZ CAN-12/32 OZ,72000.0,64320.0
866,2011,NM,"CHEESE, MOZZARELLA","MOZZ, LMPS,UNFZ",1935360.0,3198387.79
867,2011,NM,"CHEESE, MOZZARELLA",CHEESE MOZ LM PART SKIM UNFZ PROCESSR PK ,12561742.0,23903981.95
868,2011,NM,PEANUT PRODUCTS,PNUT BUTTR SMTH,1747688.0,1786620.8
869,2011,NM,PEANUT PRODUCTS,PEANUT BUTTER SMOOTH DRUM-500 LB ,2480000.0,3479040.0
870,2011,NM,PEANUT PRODUCTS,PEANUT BUTTER SMOOTH JAR-12/18 OZ ,1049760.0,1856578.3
871,2011,NM,PEANUT PRODUCTS,PEANUT BUTTER SMOOTH JAR-6/5 LB ,554400.0,765301.15
872,2011,NV,"CEREAL, FORTIFIED",CERL-FT RTE OAT,141121.0,180634.88
873,2011,NV,"CEREAL, FORTIFIED",CEREAL OAT CIRCLES 1344 PKG-12/14 OZ ,98784.0,118540.8
874,2011,NV,"CEREAL, FORTIFIED",CEREAL RICE CRISP 1008 PKG-16/12 OZ ,108864.0,117573.12
875,2011,NY,"CEREAL, INSTANT",CEREAL BABY INFANT RICE CTN-8/8 OZ ,16640.0,53248.0
876,2011,NY,"FLOUR, BAKERY",FLOUR BAKER HARD WHT BLCH-BULK ,1170000.0,301185.0
877,2011,NY,"FLOUR, BAKERY",FLOUR BAKER HARD WHT UNBLCH-BULK ,225000.0,57600.0
878,2011,NY,"FLOUR, BAKERY",FLOUR BAKER HEARTH UNBLCH-BULK ,45000.0,18247.5
879,2011,NY,"FLOUR, BAKERY",FLOUR BAKER SOFT UNBLCH-BULK ,45000.0,12555.0
880,2011,NY,"MILK, EVAPORATED",EVAPORATED MILK,2937600.0,1941342.36
881,2011,NY,"MILK, EVAPORATED",MILK EVAPORATED CAN-24/12 FL OZ ,110160.0,80732.59
882,2011,NY,"MILK, EVAPORATED",MILK SKIM EVAPORATED CAN-24/12 FL OZ ,334611.0,221155.58
883,2011,NY,"VEGETABLE, CANNED",BEANS GREEN CAN-24/300,3593970.0,2009448.0
884,2011,NY,"VEGETABLE, FROZEN",CARROTS FRZ CTN-30 LB,237600.0,141794.4
885,2011,NY,"VEGETABLE, FROZEN",CARROTS FRZ CTN-30 LB,633600.0,197142.0
886,2011,NY,"VEGETABLE, FROZEN",CORN COB FRZ CSE-96,1900800.0,548462.0
887,2011,NY,"VEGETABLE, FROZEN",PEAS GREEN FRZ CTN-30 LB,2059200.0,755383.0
888,2011,NY,"VEGETABLE, FROZEN",BEANS GREEN FRZ CTN-30 LB,831600.0,309290.0
889,2011,NY,"VEGETABLE, CANNED",SPAGHETTI SAUCE MEATLESS CAN-24/300,437400.0,165742.2
890,2011,NY,"VEGETABLE, CANNED",SPAGHETTI SAUCE MEATLESS CAN-6/10,1286628.0,410093.04
891,2011,NY,"VEGETABLE, JUICE",TOMATO JUICE PLST BTL-8/64 FL OZ,4030710.0,1324915.0
892,2011,NY,"VEGETABLE, CANNED",CORN WHOLE KERNEL(LIQ) CAN-6/10,435024.0,192559.68
893,2011,NY,EGG PRODUCTS,EGGS WHOLE FRZ CTN-6/5 LB,440220.0,382731.28
894,2011,NY,EGG PRODUCTS,EGGS WHOLE FRZ CTN-6/5 LB,560280.0,355964.0
895,2011,NY,EGG PRODUCTS,EGGS WHOLE FRZ CTN-6/5 LB,160080.0,133518.72
896,2011,NY,"VEGETABLE, CANNED",BEANS GREEN CAN-24/300,2343128.0,913961.0
897,2011,NY,"VEGETABLE, CANNED",BEANS GREEN CAN-6/10,1455552.0,530733.0
898,2011,NY,"VEGETABLE, CANNED",CARROTS CAN-24/300,2187000.0,876384.0
899,2011,NY,"VEGETABLE, CANNED",CARROTS CAN-6/10,108072.0,41350.0
900,2011,NY,"VEGETABLE, FROZEN",CORN FRZ CTN-30 LB,4870800.0,1457619.0
901,2011,NY,"VEGETABLE, CANNED",SPAGHETTI SAUCE MEATLESS CAN-24/300,729000.0,269094.0
902,2011,NY,"VEGETABLE, CANNED",TOMATO SALSA CAN-6/10,145008.0,64334.0
903,2011,NY,"VEGETABLE, CANNED",SPAGHETTI SAUCE MEATLESS CAN-6/10,3307200.0,1070774.0
904,2011,NY,"VEGETABLE, JUICE",TOMATO JUICE PLST BTL-8/64 FL OZ,2496900.0,774358.0
905,2011,OH,"CEREAL, FORTIFIED",CERL-CRN FLK,2013990.0,1993850.1
906,2011,OH,"CEREAL, FORTIFIED",CERL-FT RTE OAT,536258.0,686410.24
907,2011,OH,"CEREAL, FORTIFIED",CEREAL OAT CIRCLES 1344 PKG-12/14 OZ ,592704.0,742996.8
908,2011,OH,"CEREAL, FORTIFIED",CERL-FT RTE RCE,1354776.0,1567427.64
909,2011,OH,"CEREAL, FORTIFIED",CEREAL RICE CRISP 1008 PKG-16/12 OZ ,665280.0,718502.4
910,2011,OH,"CHEESE, MOZZARELLA","MOZZ,LT,SHRD,FZ",120960.0,227480.53
911,2011,OH,"CHEESE, MOZZARELLA",CHEESE MOZ LITE SHRED FRZ BOX-30 LB ,1088640.0,2410127.87
912,2011,OH,"CHEESE, MOZZARELLA","MOZZ, LMPS,UNFZ",1733760.0,3119840.56
913,2011,OH,"CHEESE, MOZZARELLA",CHEESE MOZ LM PART SKIM UNFZ PROCESSR PK ,2258243.0,4424518.32
914,2011,OH,"CHEESE, MOZZARELLA","MOZZ,LMPS,SD,FZ",403200.0,754310.77
915,2011,OH,"CHEESE, MOZZARELLA",CHEESE MOZ LM PART SKM SHRD FRZ BOX-30LB ,2217600.0,4670281.98
916,2011,OH,PEANUT PRODUCTS,PEANUTS ROASTED REG UNSL PKG-12/16 OZ ,25920.0,50336.64
917,2011,OH,PEANUT PRODUCTS,PEANUTS ROASTED RUNNER UNSL-CAN 6/#10 ,34560.0,67564.8
918,2011,OH,"VEGETABLE, CANNED",SOUP TOMATO CAN-24/1,354750.0,250778.0
919,2011,OH,"BEEF, COOKED",BEEF SPP PATTY HOMESTYLE CKD CTN-40 LB,228000.0,573097.0
920,2011,OH,"CHICKEN, FROZEN",CHICKEN DRUMSTICKS FRZ PKG-8/5 LB,988000.0,708320.0
921,2011,OH,"VEGETABLE, CANNED",SOUP TOMATO CAN-24/1,283800.0,190476.0
922,2011,OH,"TURKEY, FROZEN",TURKEY TACO FILLING CTN-30 LB,2925000.0,4693799.0
923,2011,OK,CORN PRODUCTS,CORNMEAL-DEG YL,42840.0,12774.89
924,2011,OK,"CRACKER PROD, PROC",CRACKERS,201600.0,247680.0
925,2011,OK,"CRACKER PROD, PROC",CRACKERS UNSALTED BOX-12/16 OZ ,172880.0,231657.6
926,2011,OK,"FLOUR, WHEAT",FLR-AP ENR BL,171360.0,44043.8
927,2011,OK,"CHICKEN, BULK",CHICKEN LEGS CHILLED -BULK,432000.0,257400.0
928,2011,OK,"CHICKEN, FROZEN",CHICKEN LEG QTR FRZ BAG-4/10 LB,11172000.0,6545937.0
929,2011,OK,"CHICKEN, FROZEN",CHICKEN CONSUMER SPLIT BREAST PKG-6/5 LB,468000.0,641791.8
930,2011,OR,"CEREAL, PROCESSED",OATS ROLLED PKG-12/3 LB ,120096.0,50992.76
931,2011,OR,"VEGETABLE, CANNED",CORN WHOLE KERNEL(LIQ) CAN-6/10,362520.0,177703.2
932,2011,OR,"VEGETABLE, FROZEN",CORN FRZ CTN-30 LB,514800.0,313434.0
933,2011,OR,"VEGETABLE, FROZEN",CORN COB FRZ CSE-96,514800.0,264462.0
934,2011,OR,"VEGETABLE, FROZEN",BEANS GREEN FRZ CTN-30 LB,792000.0,472626.0
935,2011,OR,"VEGETABLE, FROZEN",BEANS GREEN FRZ CTN-30 LB,118800.0,59928.0
936,2011,OR,"VEGETABLE, FROZEN",CORN FRZ CTN-30 LB,198000.0,147708.0
937,2011,OR,"VEGETABLE, FROZEN",CORN COB FRZ CSE-96,1980000.0,1178733.6
938,2011,OR,"VEGETABLE, FROZEN",PEAS GREEN FRZ CTN-30 LB,792000.0,437329.2
939,2011,OR,"VEGETABLE, FROZEN",POTATOES OVENS FRY PKG-6/5 LB,3963660.0,1581788.0
940,2011,OR,"FRUIT, FRESH",PEARS BOSC FRESH CTN-45 LB,405000.0,174510.0
941,2011,OR,SHELL EGG,EGGS 15 DOZEN,168750.0,141405.0
942,2011,OR,"VEGETABLE, CANNED",BEANS GREEN CAN-6/10,901056.0,352323.0
943,2011,OR,"VEGETABLE, FROZEN",CORN FRZ CTN-30 LB,39600.0,17938.0
944,2011,OR,"VEGETABLE, CANNED",CORN WHOLE KERNEL(LIQ) CAN-6/10,36252.0,17054.0
945,2011,OR,"VEGETABLE, CANNED",CORN WHOLE KERNEL CAN-24/300,910962.0,451503.0
946,2011,OR,"VEGETABLE, CANNED",CORN CREAM STYLE CAN-24/300,218700.0,113724.0
947,2011,OR,"FRUIT, FRESH   ",PEARS D'ANJOU FRESH CTN-45 LB,486000.0,204750.0
948,2011,PA,"CEREAL, FORTIFIED",CERL-CRN & RICE,585145.0,729149.23
949,2011,PA,"CHEESE, NATURAL AMER","CHEDR,SHRED,WHT",76800.0,125237.76
950,2011,PA,"CHEESE, NATURAL AMER",CHEESE CHED WHT SHRED BAG-6/5 LB ,38400.0,77802.24
951,2011,PA,"CHEESE, NATURAL AMER","CHEDR,SHRED,YEL",153600.0,272367.34
952,2011,PA,"CHEESE, NATURAL AMER",CHEESE CHED YEL SHRED BAG-6/5 LB ,153600.0,335854.08
953,2011,PA,"CHEESE, MOZZARELLA","MOZZ, LMPS,UNFZ",322560.0,542545.92
954,2011,PA,"CHEESE, MOZZARELLA",CHEESE MOZ LM PART SKIM UNFZ PROCESSR PK ,4248813.0,8428792.84
955,2011,PA,"FLOUR, BAKERY",FLR-BKR HD W BL,3105000.0,669325.5
956,2011,PA,"FLOUR, BAKERY",FLOUR BAKER HARD WHT BLCH-BULK ,630000.0,172386.0
957,2011,PA,"FLOUR, BAKERY",FLR-BKR HD UNBL,45000.0,9697.5
958,2011,PA,"FLOUR, BAKERY",FLOUR BAKER HARD WHT UNBLCH-BULK ,630000.0,177390.0
959,2011,PA,"FLOUR, BAKERY",FLR-BKR HRTH BL,630000.0,150264.0
960,2011,PA,"FLOUR, BAKERY",FLOUR BAKER HEARTH BLCH-BULK ,495000.0,140463.0
961,2011,PA,"FLOUR, BAKERY",FLR-BK HTH UNBL,360000.0,86566.5
962,2011,PA,"FLOUR, BAKERY",FLOUR BAKER HEARTH UNBLCH-BULK ,945000.0,288832.5
963,2011,PA,PEANUT PRODUCTS,PNUT-RSTD REG,25920.0,36936.0
964,2011,PA,PEANUT PRODUCTS,PEANUTS ROASTED REG UNSL PKG-12/16 OZ ,77760.0,194270.4
965,2011,PA,"VEGETABLE, DRIED",POTATOES DEHYDRATED FLKS PKG-12/1 LB,240000.0,379675.0
966,2011,PA,"VEGETABLE, FROZEN",BEANS GREEN FRZ CTN-30 LB,1425600.0,684636.0
967,2011,PA,"FRUIT, CANNED",APPLE SLICES CAN-6/10,1671696.0,1039935.36
968,2011,PA,"FRUIT, CANNED",APPLESAUCE CAN-6/10,5060232.0,2369968.8
969,2011,PA,"FRUIT, JUICE",APPLE JUICE PLST BTL-8/64 FL OZ,3245970.0,1220283.0
970,2011,PA,"FRUIT, JUICE",CHERRY APPLE JUICE PLST BTL-8/64 FL OZ,178350.0,78433.0
971,2011,PA,"FRUIT, JUICE",CRANBERRYAPPLE JUICE PLST BTL-8/64 FL OZ,5279160.0,2226771.5
972,2011,PA,"VEGETABLE, CANNED",BEANS GREEN CAN-6/10,1005024.0,383404.8
973,2011,PA,"VEGETABLE, CANNED",BEANS VEGETARIAN CAN-24/300,330480.0,146665.8
974,2011,PA,"VEGETABLE, CANNED",BEANS PINTO CAN-24/300,35572.5,13739.4
975,2011,PA,"VEGETABLE, CANNED",BEANS PINTO CAN-24/300,106719.0,40943.0
976,2011,PA,"VEGETABLE, CANNED",TOMATO SAUCE CAN-24/300,240975.0,99419.4
977,2011,PA,"VEGETABLE, CANNED",SPAGHETTI SAUCE MEATLESS CAN-24/300,109350.0,43610.4
978,2011,PA,"VEGETABLE, CANNED",BEANS GARBANZO CAN-6/10,69984.0,30628.8
979,2011,PA,"VEGETABLE, CANNED",BEANS GARBANZO CAN-6/10,454896.0,146518.0
980,2011,PA,"VEGETABLE, CANNED",BEANS VEGETARIAN CAN-6/10,2169504.0,656095.0
981,2011,PA,"VEGETABLE, CANNED",BEANS PINTO CAN-6/10,2589408.0,766690.0
982,2011,PA,"VEGETABLE, CANNED",BEANS BLACKEYE CAN-24/300,106719.0,47843.0
983,2011,PA,"VEGETABLE, CANNED",BEANS BLACKEYE CAN-6/10,279936.0,92458.0
984,2011,PA,"VEGETABLE, CANNED",BEANS PINK CAN-6/10,1189728.0,374544.0
985,2011,PA,"VEGETABLE, CANNED",BEANS VEGETARIAN CAN-6/10,699840.0,266906.88
986,2011,PA,"VEGETABLE, CANNED",BEANS SMALL RED CAN-6/10,244944.0,100716.48
987,2011,PA,"VEGETABLE, CANNED",BEANS SMALL RED CAN-6/10,1154736.0,367779.0
988,2011,PA,"VEGETABLE, CANNED",BEANS RED KIDNEY CAN-6/10,34992.0,13608.0
989,2011,PA,"VEGETABLE, CANNED",BEANS RED KIDNEY CAN-6/10,384912.0,127196.0
990,2011,PA,"VEGETABLE, CANNED",BEANS GREAT NORTHERN CAN-6/10,34992.0,12847.68
991,2011,PA,"VEGETABLE, CANNED",BEANS BLACK TURTLE CAN-6/10,279936.0,90125.0
992,2011,PA,"CHICKEN, FROZEN",CHICKEN WHOLE BAGGED FRZ CTN-36-43 LB,6516128.4,5524155.59
993,2011,PA,"CHICKEN, FROZEN",CHICKEN WHOLE BAGGED FRZ CTN-36-43 LB,6969600.0,5365335.0
994,2011,PA,"CHICKEN, COOKED",CHICKEN FAJITA STRIPS CTN-30 LB,156000.0,331890.0
995,2011,PA,"CHICKEN, BULK",CHICKEN LEGS CHILLED -BULK,144000.0,86400.0
996,2011,PA,"CHICKEN, BULK",CHICKEN LARGE CHILLED -BULK,41688000.0,30302789.0
997,2011,PA,"CHICKEN, BULK",CHICKEN LARGE CHILLED -BULK,29769120.0,21930294.34
998,2011,PA,SHELL EGG,EGGS 15 DOZEN,540000.0,304651.0
999,2011,PA,"VEGETABLE, CANNED",BEANS GREEN CAN-6/10,4047494.0,1456278.0
1000,2011,PA,"VEGETABLE, CANNED",PEAS CAN-6/10,468312.0,194449.0
1001,2011,PA,"VEGETABLE, DRIED",POTATOES DEHYDRATED FLKS PKG-12/1 LB,60000.0,81376.0
1002,2011,PA,"VEGETABLE, CANNED",TOMATO SAUCE CAN-6/10,725040.0,217621.0
1003,2011,PA,"VEGETABLE, CANNED",TOMATO DICED CAN-6/10,104652.0,34320.0
1004,2011,PA,"FRUIT, FRESH   ",APPLES FRESH 40 LB CTN,498036.0,189290.0
1005,2011,PA,"FRUIT, CANNED  ",APPLE SLICES CAN-6/10,782496.0,371683.0
1006,2011,PR,CORN PRODUCTS,CORNMEAL-DEG YL,85680.0,32022.9
1007,2011,PR,"MILK, UHT",UHT FLD MILK 1%,232200.0,119583.0
1008,2011,PR,"MILK, UHT",MILK 1% MILKFAT UHT 1500 BOX-12/32 FL OZ ,1354500.0,559052.46
1009,2011,PR,"RICE, GRAIN",RICE-MLD US#2 M,546000.0,257321.4
1010,2011,PR,"RICE, GRAIN",RICE US#2 MEDIUM GRAIN PKG-24/2 LB ,588000.0,289800.0
1011,2011,SC,"PASTA, OTHER",PSTA PROD-EGNDL,552960.0,439948.8
1012,2011,SC,"PASTA, OTHER",EGGNOODLE 1/2 INCH WIDE PKG-12/1 LB ,622080.0,500843.52
1013,2011,SC,"PASTA, MACARONI",PASTA-MAC PLN E,529600.0,284456.0
1014,2011,SC,"PASTA, MACARONI",PASTA MACARONI PLAIN ELBOW CTN-20 LB ,200000.0,118040.0
1015,2011,SC,"PASTA, MACARONI",PASTA MACARONI PLAIN ELBOW PKG-24/1 LB ,1672800.0,1034524.8
1016,2011,SC,"PASTA, MACARONI",PASTA-ROTINI,28000.0,12600.0
1017,2011,SC,"PASTA, MACARONI",PASTA ROTINI MACARONI CTN-20 LB ,56000.0,32620.0
1018,2011,SC,"PASTA, OTHER",PASTA-SPAGHETTI,160000.0,79640.0
1019,2011,SC,"PASTA, MACARONI",WHOLE GRAIN PASTA MACARONI CTN-20 LB ,120000.0,65720.0
1020,2011,SC,"PASTA, MACARONI",WHLGRAIN ROTNMA,724000.0,447114.0
1021,2011,SC,"PASTA, MACARONI",WHOLE GRAIN PASTA ROTINI MAC CTN-20 LB ,448000.0,276794.06
1022,2011,SC,"PASTA, MACARONI",WHOLE GRAIN PASTA ROTINI MAC PKG-20/1 LB ,1054000.0,677008.0
1023,2011,SC,"PASTA, OTHER",WHOLE GRAIN SPAGHETTI CTN-20 LB ,120000.0,65400.0
1024,2011,SC,"CEREAL, PROCESSED",WHOLE WHEAT PANCAKES FZN PKG 12/12 ,32301.0,23902.6
1025,2011,SC,"CEREAL, PROCESSED",WHOLE WHEAT PANCAKES FZN-144 COUNT ,45360.0,32949.5
1026,2011,SC,"VEGETABLE, CANNED",SPINACH CAN-24/300,678300.0,440087.5
1027,2011,SC,"VEGETABLE, CANNED",BEANS BLACKEYE CAN-24/300,604741.0,265209.0
1028,2011,SC,"VEGETABLE, CANNED",BEANS BLACK CAN-24/300,106719.0,46022.0
1029,2011,SC,"FRUIT, FROZEN",PEACHES FREESTONE SLICES FRZ CTN-20 LB,76000.0,62700.0
1030,2011,SC,"CHICKEN, BULK",CHICKEN LEGS CHILLED -BULK,1152000.0,796377.6
1031,2011,SC,"VEGETABLE, CANNED",BEANS GREEN CAN-24/300,35235.0,15001.0
1032,2011,SC,"FRUIT, FROZEN",PEACHES FREESTONE SLICES FRZ CTN-20 LB,38000.0,29374.0
1033,2011,SC,"CHICKEN, FROZEN",CHICKEN CUT-UP FRZ CTN-40 LB,760000.0,561540.0
1034,2011,SC,"CHICKEN, FROZEN",CHICKEN OVEN ROASTED FRZ 8 PC CTN-30 LB,828000.0,2097394.0
1035,2011,SD,"CHEESE, MOZZARELLA",CHEESE MOZ LM PART SKIM UNFZ PROCESSR PK ,1088640.0,2161801.11
1036,2011,TN,"FLOUR, BAKERY MIX",BKR FLR MIX LFT,894240.0,843132.24
1037,2011,TN,"CEREAL, FORTIFIED",CERL-CRN FLK,1385095.0,1594798.16
1038,2011,TN,"CEREAL, FORTIFIED",CEREAL CORN FLKS 1080 PKG-12/18 OZ ,2405700.0,2292451.74
1039,2011,TN,"FLOUR, BAKERY",FLOUR BREAD-BULK ,1080000.0,297270.0
1040,2011,TN,CORN PRODUCTS,GRITS CORN WHITE BAG-8/5 LB ,428400.0,136458.24
1041,2011,TN,VEG OIL PROD DOM,OIL-VEGETABLE,1684452.0,1301235.39
1042,2011,TN,VEG OIL PROD DOM,OIL VEGETABLE BTL-6/1 GAL ,1921920.0,1519285.03
1043,2011,TN,VEG OIL PROD DOM,OIL VEGETABLE BTL-8/48 OZ ,762300.0,608223.95
1044,2011,TN,"CEREAL, PROCESSED",PANCAKES WW FZN,567000.0,413220.52
1045,2011,TX,"FLOUR, WHEAT",FLR-AP ENR BL,2656080.0,650162.68
1046,2011,TX,"FLOUR, WHEAT",FLOUR ALL PURP ENRCH BLCH BAG-50 LB ,129600.0,35104.32
1047,2011,TX,"FLOUR, WHEAT",FLOUR ALL PURP ENRCH BLCH BAG-8/5 LB ,257040.0,73363.5
1048,2011,TX,"FLOUR, BAKERY",FLR-BKR HD UNBL,1350000.0,319950.0
1049,2011,TX,"FLOUR, BAKERY",FLOUR BAKER HARD WHT UNBLCH-BULK ,2250000.0,565132.5
1050,2011,TX,"FLOUR, WHEAT",FLR-BRD ENR BL,428400.0,120723.12
1051,2011,TX,"FLOUR, WHEAT",FLOUR BREAD ENRCH BLCH-BAG 4/10 LB ,42840.0,11909.52
1052,2011,TX,"FLOUR, WHEAT",FLR-WHOLE WHT,428400.0,104293.98
1053,2011,TX,"FLOUR, WHEAT",FLOUR WHOLE WHEAT BAG-4/10 LB ,385560.0,100352.7
1054,2011,TX,"FLOUR, WHEAT",FLOUR WHOLE WHEAT BAG-8/5 LB ,257040.0,61432.56
1055,2011,TX,PEANUT PRODUCTS,PNUT BUTTR SMTH,3289446.0,3114116.64
1056,2011,TX,PEANUT PRODUCTS,PEANUT BUTTER SMOOTH DRUM-500 LB ,720000.0,929892.0
1057,2011,TX,PEANUT PRODUCTS,PEANUT BUTTER SMOOTH JAR-12/18 OZ ,699840.0,1048659.72
1058,2011,TX,PEANUT PRODUCTS,PEANUT BUTTER SMOOTH JAR-6/5 LB ,960960.0,1022239.7
1059,2011,TX,"RICE, GRAIN",RICE-BROWN US#1,168000.0,57439.2
1060,2011,TX,"RICE, GRAIN",RICE BRN US#1 BAG-25 LB ,756000.0,241122.0
1061,2011,TX,"RICE, GRAIN",RICE US#1 MEDIUM GRAIN PKG-24/2 LB ,84000.0,54079.2
1062,2011,TX,"RICE, GRAIN",RICE-MLD US#2 L,2184000.0,740884.22
1063,2011,TX,"RICE, GRAIN",RICE US#2 LONG GRAIN BAG-25 LB ,546000.0,178823.4
1064,2011,TX,"RICE, GRAIN",RICE US#2 LONG GRAIN PKG-24/2 LB ,84000.0,27564.6
1065,2011,TX,"RICE, GRAIN",RICE US#2 LONG GRAIN PKG-30/2 LB ,757260.0,278528.71
1066,2011,TX,"RICE, GRAIN",RICE-MLD US#2 M,126000.0,70274.4
1067,2011,TX,"RICE, GRAIN",RICE US#2 MEDIUM GRAIN PKG-24/2 LB ,42000.0,19294.8
1068,2011,TX,"RICE, GRAIN",RICE US#2 MEDIUM GRAIN PKG-30/2 LB ,42000.0,19244.4
1069,2011,TX,"RICE, GRAIN",RICE-MLD US#2 S,588000.0,403498.2
1070,2011,TX,"RICE, GRAIN",RICE US#2 SHORT GRAIN PKG-24/2 LB ,168000.0,108372.6
1071,2011,TX,"VEGETABLE, CANNED",BEANS REFRIED CAN-6/10,616896.0,290969.28
1072,2011,TX,"VEGETABLE, CANNED",BEANS VEGETARIAN CAN-24/300,183600.0,95242.5
1073,2011,TX,"VEGETABLE, CANNED",BEANS VEGETARIAN CAN-6/10,629856.0,280964.16
1074,2011,TX,"VEGETABLE, CANNED",BEANS PINTO CAN-6/10,1049760.0,399306.24
1075,2011,TX,"VEGETABLE, CANNED",BEANS BLACKEYE CAN-24/300,1031602.5,529502.4
1076,2011,TX,"VEGETABLE, CANNED",BEANS BLACKEYE CAN-24/300,213438.0,98442.0
1077,2011,TX,"FRUIT, JUICE",GRAPEFRUIT JUCE PLST BTL-8/64 FL OZ,321030.0,141091.25
1078,2011,TX,"FRUIT, FRESH",PEARS BOSC FRESH CTN-45 LB,2106000.0,1059498.0
1079,2011,TX,"BEANS, DRY",BEANS PINTO DRY PKG-12/2 LB,403200.0,242659.2
1080,2011,TX,"BEANS, DRY",BEANS PINTO DRY PKG-12/2 LB,161280.0,70711.0
1081,2011,TX,"BEEF, GROUND",BEEF COARSE GROUND FRZ CTN-60 LB,3276000.0,7352074.8
1082,2011,TX,"BEEF, GROUND",BEEF COARSE GROUND FRZ CTN-60 LB,8610000.0,19457206.0
1083,2011,TX,"BEEF, GROUND",BEEF FINE GROUND FRZ CTN-40 LB,4800000.0,10909280.0
1084,2011,TX,"BEEF, GROUND",BEEF 100% PATTY FRZ CTN-40 LB,228000.0,534641.0
1085,2011,TX,"BEEF, GROUND",BEEF PATTY 90/10 FRZ CTN-40 LB,456000.0,1175514.8
1086,2011,TX,"BEEF, FRESH",BEEF FRESH BNLS COMBO-20/2000 LB,120000.0,259808.0
1087,2011,TX,"BEEF, GROUND",BEEF COARSE GROUND FRZ CTN-60 LB,3318000.0,7250187.0
1088,2011,TX,"BEEF, GROUND",BEEF FINE GROUND FRZ CTN-40 LB,2960000.0,6822232.0
1089,2011,TX,"BEEF, GROUND",BEEF FINE GROUND FRZ CTN-40 LB,10800000.0,22857924.0
1090,2011,TX,"BEEF, GROUND",BEEF FINE GROUND FRZ PKG-40/1 LB,880000.0,2197748.0
1091,2011,TX,"BEEF, GROUND",BEEF FINE GROUND FRZ PKG-40/1 LB,880000.0,2000272.0
1092,2011,TX,"CHICKEN, BULK",CHICKEN LEGS CHILLED -BULK,792000.0,496547.0
1093,2011,TX,"CHICKEN, COOKED",CHICKEN FAJITA STRIPS CTN-30 LB,312000.0,692702.4
1094,2011,TX,"CHICKEN, COOKED",CHICKEN FAJITA STRIPS CTN-30 LB,312000.0,670801.0
1095,2011,TX,"CHICKEN, COOKED",CHICKEN OVEN ROASTED FRZ 8 PC CTN-30 LB,1008000.0,2270217.61
1096,2011,TX,"CHICKEN, FROZEN",CHICKEN LEG QTR FRZ BAG-4/10 LB,2964000.0,1795621.59
1097,2011,TX,"CHICKEN, FROZEN",CHICKEN DRUMS TRAY FRZ PKG-12/3 LB,570000.0,449213.2
1098,2011,TX,"CHICKEN, FROZEN",CHICKEN OVEN ROASTED FRZ 8 PC CTN-30 LB,936000.0,2254778.0
1099,2011,TX,"CHICKEN, FROZEN",CHICKEN THIGHS FRZ CTN-40 LB,1360000.0,627093.0
1100,2011,TX,"CHICKEN, FROZEN",CHICKEN THIGHS FRZ PKG-8/5 LB,532000.0,345214.8
1101,2011,TX,"TURKEY, COOKED",TURKEY BREAST DELI FRZ CTN-40 LB,1320000.0,3212709.0
1102,2011,TX,"TURKEY, FROZEN",TURKEY CONSUMER PACK WHOLE CTN-30-60 LB,38000.0,33170.0
1103,2011,TX,"TURKEY, COOKED",TURKEY BREAST SMKD DELI FRZ CTN-40 LB,1120000.0,2805927.0
1104,2011,TX,"VEGETABLE, CANNED",SPINACH CAN-24/300,3018435.0,1423758.0
1105,2011,TX,"FRUIT, JUICE",GRAPEFRUIT JUCE PLST BTL-8/64 FL OZ,3995040.0,1610254.0
1106,2011,TX,FRUIT JUICE FRZ,ORANGE JUICE SINGLE CTN-70/4 OZ,364800.0,162682.0
1107,2011,UT,"FLOUR, WHEAT",FLR-AP ENR BL,1114560.0,308833.77
1108,2011,UT,"FLOUR, WHEAT",FLOUR ALL PURP ENRCH BLCH BAG-50 LB ,302400.0,84499.2
1109,2011,UT,"FLOUR, WHEAT",FLOUR ALL PURP ENRCH BLCH BAG-8/5 LB ,835360.0,328634.0
1110,2011,UT,"FLOUR, WHEAT",FLR-AP ENR UNBL,64240.0,17910.64
1111,2011,UT,"FLOUR, WHEAT",FLOUR ALL PURP ENRCH UNBLCH BAG-4/10 LB ,299880.0,108757.91
1112,2011,UT,"FLOUR, WHEAT",FLOUR BAKER HARD UNBLCH BAG-50 LB ,43200.0,12679.2
1113,2011,UT,"FLOUR, BAKERY",FLR-BKR HD W BL,86400.0,20001.6
1114,2011,UT,"FLOUR, BAKERY",FLOUR BAKER HARD WHT BLCH BAG-50 LB ,432000.0,128070.72
1115,2011,UT,"FLOUR, WHEAT",FLR-BRD ENR BL,514080.0,149828.6
1116,2011,UT,"FLOUR, WHEAT",FLOUR BREAD ENRCH BLCH BAG-8/5 LB ,171360.0,106114.68
1117,2011,UT,"FLOUR, WHEAT",FLOUR BREAD ENRCH BLCH-BAG 4/10 LB ,685440.0,250853.88
1118,2011,UT,"FLOUR, WHEAT",FLR-BRD EN UNBL,42840.0,11374.02
1119,2011,UT,"FLOUR, WHEAT",FLOUR BREAD ENRCH UNBLCH BAG-4/10 LB ,42840.0,15628.03
1120,2011,UT,"FLOUR, WHEAT",FLR-WHOLE WHT,836840.0,193389.79
1121,2011,UT,"FLOUR, WHEAT",FLOUR WHOLE WHEAT BAG-4/10 LB ,2291960.0,754398.74
1122,2011,UT,"FLOUR, WHEAT",FLOUR WHOLE WHEAT BAG-50 LB ,734400.0,172972.8
1123,2011,UT,"FLOUR, WHEAT",FLOUR WHOLE WHEAT BAG-8/5 LB ,171360.0,94466.49
1124,2011,UT,"MILK, UHT",UHT FLD MILK 1%,5997943.0,2336242.88
1125,2011,UT,"MILK, UHT",MILK 1% MILKFAT UHT 1500 BOX-12/32 FL OZ ,20704500.0,8442734.09
1126,2011,UT,"MILK, UHT",MILK 1% MILKFAT UHT 2640 BOX-27/8 FL OZ ,76285.0,45122.84
1127,2011,UT,"FRUIT, FROZEN  ",CHERRIES RED TART PITTED FRZ CTN-30 LB,38400.0,26266.0
1128,2011,VA,"FLOUR, BAKERY",FLOUR BAKER HARD WHT BLCH-BULK ,45000.0,12015.0
1129,2011,VA,"FRUIT, CANNED  ",APPLESAUCE CAN-6/10,11487096.0,3715688.0
1130,2011,VA,"BEANS, DRY",BEANS PINTO DRY BAG-25 LB,40000.0,11800.0
1131,2011,VA,"CHICKEN, FROZEN",CHICKEN THIGHS FRZ CTN-40 LB,160000.0,49800.0
1132,2011,WA,"FLOUR, WHEAT",FLOUR BREAD ENRCH UNBLCH BAG-4/10 LB ,85680.0,28197.29
1133,2011,WA,"PASTA, MACARONI",MAC & CHEESE,274833.0,249838.48
1134,2011,WA,"PASTA, MACARONI",MACARONI & CHEESE 1404 PKG-48/7.25 OZ ,122148.0,120001.25
1135,2011,WA,"VEGETABLE, FRESH",POTATO BULK FOR PROCESS FRZ,23840000.0,1788336.0
1136,2011,WA,"VEGETABLE, FRESH",POTATO BULK FOR PROCESS FRZ,18760000.0,1854060.0
1137,2011,WA,"VEGETABLE, FROZEN",POTATO BULK FOR PROCESS DEHY,2520000.0,151200.0
1138,2011,WA,"VEGETABLE, FRESH",SWEET POTATO BULK FRESH PROC,1360000.0,367200.0
1139,2011,WA,"VEGETABLE, FRESH",SWEET POTATO BULK FRESH PROC,520000.0,109980.0
1140,2011,WA,"FRUIT, CANNED",PEARS CAN-24/300,947700.0,677532.6
1141,2011,WA,"FRUIT, CANNED",PEARS SLICES EX LT CAN-6/10,360240.0,225665.28
1142,2011,WA,"VEGETABLE, FROZEN",CORN COB FRZ CSE-96,198000.0,133584.0
1143,2011,WA,"VEGETABLE, FROZEN",CORN COB FRZ CSE-96,39600.0,12500.0
1144,2011,WA,"VEGETABLE, FROZEN",POTATO BULK FOR PROCESS DEHY,3240000.0,226800.0
1145,2011,WA,"VEGETABLE, FROZEN",CORN FRZ CTN-30 LB,990000.0,777994.8
1146,2011,WA,"VEGETABLE, FROZEN",CORN COB FRZ CSE-96,712800.0,497719.2
1147,2011,WA,"VEGETABLE, FROZEN",PEAS GREEN FRZ CTN-30 LB,990000.0,590026.8
1148,2011,WA,"VEGETABLE, FROZEN",PEAS GREEN FRZ CTN-30 LB,1742400.0,790244.0
1149,2011,WA,"VEGETABLE, FROZEN",CORN FRZ CTN-30 LB,2972850.0,2201163.56
1150,2011,WA,"VEGETABLE, FROZEN",BEANS GREEN FRZ CTN-30 LB,39600.0,28472.4
1151,2011,WA,"VEGETABLE, FROZEN",CORN FRZ CTN-30 LB,1227600.0,800474.4
1152,2011,WA,"VEGETABLE, FROZEN",BEANS GREEN FRZ CTN-30 LB,316800.0,204547.2
1153,2011,WA,"VEGETABLE, FROZEN",BEANS GREEN FRZ CTN-30 LB,158400.0,57592.0
1154,2011,WA,"VEGETABLE, FROZEN",CORN FRZ CTN-30 LB,514800.0,330528.0
1155,2011,WA,"VEGETABLE, FROZEN",CORN COB FRZ CSE-96,79200.0,41804.4
1156,2011,WA,"VEGETABLE, FROZEN",POTATOES WEDGE FAT FREE FRZ PKG-6/5 LB,1267200.0,674823.6
1157,2011,WA,"VEGETABLE, FROZEN",POTATOES WEDGE FAT FREE FRZ PKG-6/5 LB,277200.0,116240.0
1158,2011,WA,"FRUIT, CANNED",APPLESAUCE CAN-6/10,2253096.0,1081358.4
1159,2011,WA,"FRUIT, CANNED",PEARS CAN-24/300,182250.0,132354.0
1160,2011,WA,"FRUIT, CANNED",PEARS SLICES EX LT CAN-6/10,108072.0,71327.52
1161,2011,WA,"FRUIT, CANNED",PEARS CAN-24/300,3244050.0,2539495.8
1162,2011,WA,"FRUIT, CANNED",PEARS SLICES EX LT CAN-6/10,6448296.0,3925713.12
1163,2011,WA,"FRUIT, CANNED",PEARS DICED EX LT CAN-6/10,7961304.0,4839838.08
1164,2011,WA,"FRUIT, CANNED",PEARS HALVES EX LT CAN-6/10,1513008.0,952428.96
1165,2011,WA,"VEGETABLE, CANNED",TOMATO SAUCE CAN-24/300,413100.0,312165.9
1166,2011,WA,"FRUIT, CANNED",PEARS SLICES EX LT CAN-6/10,180120.0,106083.84
1167,2011,WA,"FRUIT, CANNED",PEARS HALVES EX LT CAN-6/10,180120.0,115678.08
1168,2011,WA,"FISH, FROZEN",FISH AK PLCK FRZ BULK CTN-49 LBS,239904.0,455820.0
1169,2011,WA,"FISH, FROZEN",FISH AK PLCK FRZ BULK CTN-49 LBS,119952.0,184726.08
1170,2011,WA,SHELL EGG,EGGS 15 DOZEN,540000.0,363750.0
1171,2011,WA,SHELL EGG,EGGS 15 DOZEN,371250.0,253500.0
1172,2011,WA,"VEGETABLE, CANNED",CORN WHOLE KERNEL CAN-24/300,2662812.0,1094755.0
1173,2011,WA,"VEGETABLE, CANNED",CORN CREAM STYLE CAN-24/300,1166400.0,527895.0
1174,2011,WA,"VEGETABLE, FROZEN",CORN FRZ CTN-30 LB,792000.0,310585.0
1175,2011,WA,"VEGETABLE, CANNED",TOMATO DICED CAN-6/10,139536.0,47716.0
1176,2011,WA,"FRUIT, DRIED  ",CHERRIES DRIED PKG-8/2 LB,29568.0,106814.0
1177,2011,WA,"FRUIT, CANNED  ",APPLE SLICES CAN-6/10,2311920.0,1301501.0
1178,2011,WA,"FRUIT, CANNED  ",APPLESAUCE CAN-6/10,6242184.0,2535403.0
1179,2011,WA,"FRUIT, CANNED  ",APPLESAUCE CAN-24/300,9331200.0,5252357.0
1180,2011,WA,"FRUIT, CANNED",PEARS HALVES EX LT CAN-6/10,1404936.0,891326.0
1181,2011,WA,"FRUIT, CANNED",PEARS DICED EX LT CAN-6/10,2125416.0,1315971.0
1182,2011,WA,"FRUIT, CANNED",PEARS CAN-24/300,4264650.0,2971187.0
1183,2011,WI,"CHEESE, PROCESSED",CHEESE BLEND,6217200.0,11035446.74
1184,2011,WI,"CHEESE, PROCESSED",CHEESE BLEND AMER SKM LVS-12/2 LB ,7079400.0,14552206.38
1185,2011,WI,"CHEESE, PROCESSED",CHEESE BLEND AMER SKM WHT SLC LVS-6/5 LB ,554400.0,1087423.92
1186,2011,WI,"CHEESE, PROCESSED",CHEESE BLEND AMER SKM YEL SLC LVS-6/5 LB ,5821200.0,11595928.45
1187,2011,WI,"CHEESE, NATURAL AMER","CHEDR,R-F,SHD,W",76800.0,127395.83
1188,2011,WI,"CHEESE, NATURAL AMER",CHEESE CHED RDU FAT WHT SHRED BAG-6/5 LB ,115200.0,270470.4
1189,2011,WI,"CHEESE, NATURAL AMER","CHEDR,RDU-FAT-Y",39950.0,77570.91
1190,2011,WI,"CHEESE, NATURAL AMER",CHEESE CHED RDU FAT YEL CUTS-4/10 LB ,199750.0,486850.71
1191,2011,WI,"CHEESE, NATURAL AMER","CHEDR,R-F,SHD,Y",1651200.0,3016741.17
1192,2011,WI,"CHEESE, NATURAL AMER",CHEESE CHED RDU FAT YEL SHRED BAG-6/5 LB ,5068800.0,11199836.58
1193,2011,WI,"CHEESE, NATURAL AMER","CHEDDAR, WHITE",119850.0,262399.58
1194,2011,WI,"CHEESE, NATURAL AMER",CHEESE CHED WHT CUTS-4/10 LB ,279650.0,664164.78
1195,2011,WI,"CHEESE, NATURAL AMER","CHEDR,SHRED,WHT",115200.0,219901.44
1196,2011,WI,"CHEESE, NATURAL AMER",CHEESE CHED WHT SHRED BAG-6/5 LB ,345600.0,765446.4
1197,2011,WI,"CHEESE, NATURAL AMER","CHEDR,SHRED,YEL",1190400.0,2160208.01
1198,2011,WI,"CHEESE, NATURAL AMER",CHEESE CHED YEL SHRED BAG-6/5 LB ,2611200.0,5817445.08
1199,2011,WI,"CHEESE, PROCESSED",CH PROC LVS,1782000.0,3147552.5
1200,2011,WI,"CHEESE, PROCESSED",CHEESE PROCESS LVS-6/5 LB ,3207600.0,6765450.31
1201,2011,WI,"CHEESE, PROCESSED",CH PROC SLC WHI,950400.0,1578448.08
1202,2011,WI,"CHEESE, PROCESSED",CHEESE PROCESS WHT SLC LVS-6/5 LB ,594000.0,1287582.12
1203,2011,WI,"CHEESE, PROCESSED",CH PROC SLC YEL,4791600.0,8082949.05
1204,2011,WI,"CHEESE, PROCESSED",CHEESE PROCESS YEL SLC LVS-6/5 LB ,5306400.0,11141466.95
1205,2011,WI,"FLOUR, BAKERY",FLR-BKR HD W BL,990000.0,214456.5
1206,2011,WI,"FLOUR, BAKERY",FLOUR BAKER HARD WHT BLCH-BULK ,810000.0,234612.0
1207,2011,WI,"CEREAL, PROCESSED",OATS-ROLLED,2926272.0,1286231.85
1208,2011,WI,"CEREAL, PROCESSED",OATS ROLLED BAG-50 LB ,42000.0,19324.2
1209,2011,WI,"CEREAL, PROCESSED",OATS ROLLED PKG-12/3 LB ,2441952.0,1191004.04
1210,2011,WI,"VEGETABLE, CANNED",CORN WHOLE KERNEL(LIQ) CAN-6/10,2030112.0,968662.56
1211,2011,WI,"VEGETABLE, CANNED",BEANS GREEN CAN-24/300,1761750.0,778134.6
1212,2011,WI,"VEGETABLE, CANNED",BEANS GREEN CAN-24/300,1268460.0,773161.2
1213,2011,WI,"VEGETABLE, CANNED",POTATOES WHT SLICES CAN-24/300,2533680.0,1066195.8
1214,2011,WI,"VEGETABLE, CANNED",CORN WHOLE KERNEL CAN-24/300,5290587.0,3119700.6
1215,2011,WI,"VEGETABLE, CANNED",BEANS GREEN CAN-24/300,14552055.0,7853922.0
1216,2011,WI,"VEGETABLE, CANNED",CARROTS CAN-6/10,1873248.0,745514.4
1217,2011,WI,"VEGETABLE, CANNED",CORN WHOLE KERNEL CAN-24/300,6131475.0,3008517.25
1218,2011,WI,"VEGETABLE, CANNED",CORN WHOLE KERNEL(LIQ) CAN-6/10,4531500.0,2117910.24
1219,2011,WI,"VEGETABLE, CANNED",CORN CREAM STYLE CAN-24/300,510300.0,320970.6
1220,2011,WI,"VEGETABLE, CANNED",CORN WHOLE KERNEL CAN-24/300,35037.0,19951.2
1221,2011,WI,"VEGETABLE, CANNED",PEAS CAN-24/300,1093500.0,644144.4
1222,2011,WI,"FRUIT, FRESH",PEARS BOSC FRESH CTN-45 LB,1741500.0,976708.0
1223,2011,WI,"FRUIT, FRESH",ORANGES CTN-34-39 LB,6366330.0,2322474.12
1224,2011,WI,"VEGETABLE, FRESH",POTATOES RUSSET FRESH BAG-10/5 LB,9520000.0,2266984.0
1225,2011,WI,"VEGETABLE, FRESH",POTATOES ROUND WHITE FRESH BAG-10/5 LB,880000.0,264612.0
1226,2011,WI,"VEGETABLE, FROZEN",POTATOES ROUNDS FRZ PKG-6/5 LB,5940000.0,3205171.2
1227,2011,WI,"VEGETABLE, FROZEN",BEANS GREEN FRZ CTN-30 LB,475200.0,160486.0
1228,2011,WI,"VEGETABLE, FROZEN",CARROTS FRZ CTN-30 LB,79200.0,24077.0
1229,2011,WI,"VEGETABLE, FROZEN",POTATOES WEDGE FRZ PKG-6/5 LB,2692800.0,1368297.0
1230,2011,WI,"VEGETABLE, FRESH",POTATO BULK FOR PROCESS FRZ,15200000.0,1475920.0
1231,2011,WI,"VEGETABLE, FRESH",POTATO BULK FOR PROCESS FRZ,5880000.0,588000.0
1232,2011,WI,"VEGETABLE, FROZEN",POTATOES OVENS FRY PKG-6/5 LB,79200.0,40089.0
1233,2011,WI,"VEGETABLE, FRESH",SWEET POTATO BULK FRESH PROC,2960000.0,570688.0
1234,2011,WI,"VEGETABLE, FRESH",SWEET POTATO BULK FRESH PROC,200000.0,36000.0
1235,2011,WI,"VEGETABLE, CANNED",BEANS GREEN CAN-24/300,1021815.0,553861.8
1236,2011,WI,"VEGETABLE, CANNED",CORN WHOLE KERNEL CAN-24/300,420444.0,221008.5
1237,2011,WI,"VEGETABLE, CANNED",VEG MIX CAN-24/300,2150550.0,1224590.4
1238,2011,WI,"VEGETABLE, CANNED",BEANS GREEN CAN-24/300,1092285.0,639268.2
1239,2011,WI,"VEGETABLE, CANNED",BEANS GREEN CAN-6/10,207936.0,143694.72
1240,2011,WI,"VEGETABLE, CANNED",CARROTS CAN-24/300,1458000.0,858438.0
1241,2011,WI,"VEGETABLE, CANNED",CARROTS CAN-6/10,72048.0,43365.6
1242,2011,WI,"VEGETABLE, CANNED",BEANS GREEN CAN-24/300,1338930.0,746447.4
1243,2011,WI,"VEGETABLE, CANNED",VEG MIX CAN-24/300,6670350.0,2806447.0
1244,2011,WI,"VEGETABLE, CANNED",BEANS GREEN CAN-24/300,6588945.0,2635828.0
1245,2011,WI,"VEGETABLE, CANNED",BEANS GREEN CAN-6/10,2911104.0,1067269.0
1246,2011,WI,"VEGETABLE, CANNED",CARROTS CAN-24/300,2806650.0,1191444.0
1247,2011,WI,"VEGETABLE, CANNED",CARROTS CAN-6/10,324216.0,115834.0
1248,2011,WI,"VEGETABLE, CANNED",CORN WHOLE KERNEL(LIQ) CAN-6/10,17366498.0,6661823.0
1249,2011,WI,"VEGETABLE, CANNED",CORN WHOLE KERNEL CAN-24/300,22739011.0,10124753.0
1250,2011,WI,"VEGETABLE, CANNED",CORN CREAM STYLE CAN-24/300,7618050.0,3965136.0
1251,2011,WI,"VEGETABLE, CANNED",PEAS CAN-6/10,1109200.0,434125.0
1252,2011,WI,"VEGETABLE, CANNED",PEAS CAN-24/300,2806650.0,1206965.0
1253,2011,WI,"VEGETABLE, CANNED",POTATOES WHT SLICES CAN-24/300,5544720.0,2083930.0
1254,2011,WV,"CHICKEN, FROZEN",CHICKEN OVEN ROASTED FRZ 8 PC CTN-30 LB,2736000.0,6831145.0
1255,2011,WV,"CHICKEN, BULK",CHICKEN SMALL CHILLED -BULK,7344000.0,5534943.0
1256,2011,WV,"CHICKEN, BULK",CHICKEN SMALL CHILLED -BULK,5192640.0,3959181.12
